,0,1,2,3,4,5,6,7,8,9,10,11,12,13,14,15,16,17,18,19,20,21,22,23
0,0,20,20,0,-20,-20,0,20,0,-20,-20,30,30,30,-10,-20,-30,-20,20,30,-10,-30,-10,20
1,0,10,20,-10,-20,-20,-10,20,20,20,30,-10,-30,-30,10,30,10,0,0,-20,-20,20,20,-10
2,10,0,0,-20,0,10,10,-10,0,10,30,10,-10,-30,-30,0,20,20,30,10,-20,-20,0,10
3,-20,0,0,0,30,30,-10,-20,-20,10,10,30,0,-20,-30,-10,30,30,20,-10,-30,-20,-10,20
4,0,10,-20,-30,0,20,20,10,10,-10,10,20,20,-30,-20,0,-10,20,20,0,-30,-30,0,30
5,-10,-10,10,10,20,10,-10,-30,-30,10,0,30,30,20,0,-30,-20,0,30,20,0,-30,-10,0
6,20,0,0,0,-10,-10,0,0,0,10,30,20,0,-20,-20,0,10,10,0,-20,10,30,0,-20
7,0,-10,0,20,10,0,0,-30,0,20,30,30,-10,-30,-20,0,30,10,10,-30,-20,-20,30,30
8,20,20,0,-30,-20,-30,-10,20,0,20,20,30,-10,-20,-10,10,20,-10,-30,0,0,30,10,0
9,0,-20,10,20,20,0,-30,-30,30,0,30,30,20,-10,-20,-20,0,20,30,20,0,0,-30,0
10,0,-10,20,-10,-10,20,20,-20,-10,30,20,-10,-20,-30,10,30,20,20,-30,-30,10,10,10,20
11,20,0,-30,-30,30,30,10,-20,-10,10,30,10,-30,-30,-30,20,0,20,0,30,10,0,-30,0
12,0,20,10,-10,-30,0,10,0,0,30,20,-30,-10,10,30,20,-30,-30,-20,-10,30,10,-20,-30
13,0,-20,-20,20,20,0,0,-20,20,20,10,10,0,0,-20,-10,0,30,20,-30,-20,10,20,30
14,0,0,20,-10,-20,0,30,30,0,-20,-20,-20,20,20,20,20,-10,-30,0,30,10,-10,-10,-20
15,0,0,-10,-10,10,20,20,-30,-30,0,0,0,0,0,0,0,0,0,0,0,0,0,0,0
16,10,0,0,10,10,-10,-20,-10,10,30,30,-10,-30,-10,20,10,10,-20,0,30,0,-10,-30,10
17,0,0,-20,20,20,10,0,-10,-30,-10,30,30,10,-10,0,-20,20,-10,-20,-10,30,20,20,0
18,0,0,0,0,-10,20,10,10,-10,20,10,-10,0,-10,-10,20,30,10,-10,0,-30,-10,10,30
19,10,20,10,-30,-30,0,30,10,0,0,-20,-20,30,30,20,10,-10,-20,-10,0,-10,-10,10,10
20,0,0,-20,10,10,30,20,-20,-20,-20,-20,30,30,0,-30,-10,30,30,0,-10,0,10,-10,-20
21,0,0,10,-20,0,0,-10,0,10,20,30,20,-20,0,10,0,-20,10,20,10,20,10,-20,-30
22,0,0,10,-10,0,20,0,0,-10,30,20,0,-30,-20,30,30,-20,-20,0,-20,-10,10,-10,-10
23,0,0,10,10,-10,-30,-10,20,30,30,-10,-20,-20,0,20,10,-20,0,-10,0,10,20,30,-10
24,0,0,20,20,-20,-20,-10,20,0,20,0,-10,10,10,0,-10,0,0,-20,0,-10,10,0,20
25,0,0,-10,20,-10,10,20,-30,-30,30,30,10,-20,-30,-30,30,0,30,20,10,-20,-20,-30,-20
26,-20,0,30,30,0,-20,-30,-30,20,0,30,0,10,10,10,20,30,-30,-20,0,0,20,10,0
27,0,0,20,10,0,-10,-30,0,20,30,0,-10,-30,-30,10,30,30,10,-30,-30,0,20,20,20
28,-10,10,10,20,0,-10,-30,0,30,30,10,0,-20,-30,-10,20,10,20,10,-10,-10,-30,-20,20
29,0,0,0,-10,20,30,-10,-20,-30,0,20,30,30,-20,-20,-20,0,30,30,-10,-20,-20,10,20
30,0,0,10,10,-30,-30,20,30,30,20,-30,-20,-20,10,30,20,20,10,-20,-30,10,30,30,-30
31,0,0,0,20,0,-30,-20,10,30,20,30,0,-20,-30,-30,0,30,30,-10,-30,-10,20,20,-10
32,0,0,0,10,10,-20,-20,-10,30,30,0,-10,-10,30,10,-20,0,0,-30,-10,10,0,10,30
33,0,0,20,20,0,-30,-20,0,30,10,-20,-20,20,30,0,0,0,-30,0,20,10,10,-10,-30
34,0,0,0,10,10,-20,-20,-10,20,30,30,30,-20,-30,-20,-20,0,30,10,0,-10,-20,-30,20
35,0,0,-20,-20,0,30,20,20,-10,-30,-20,30,0,0,20,10,-30,-10,0,30,10,0,-30,-10
36,0,0,0,-20,20,0,10,-20,-10,0,10,30,20,10,-10,-10,0,-10,10,10,-10,-20,-20,10
37,0,0,0,0,0,20,-20,-10,20,20,10,-20,-20,-10,20,0,-10,0,30,-10,-10,-30,-20,30
38,0,0,0,0,10,0,0,0,-20,20,30,20,0,-20,-30,-30,10,30,30,0,-30,0,10,-10
39,0,0,0,0,20,0,-10,-10,0,0,-10,30,0,0,-20,20,30,20,-20,-30,-10,20,30,10
40,0,0,0,0,-20,-20,20,30,30,-20,-10,10,30,-10,-30,-10,20,30,30,-10,0,-30,-30,0
41,0,0,0,0,10,10,10,-10,-30,-20,20,0,20,30,0,-20,0,10,30,10,-20,-10,-10,-20
42,0,0,0,0,0,-10,20,10,0,-10,10,0,20,10,0,0,-20,-30,20,20,30,0,-30,-30
43,0,0,20,20,0,-30,-30,0,10,30,10,0,0,-30,0,10,20,-20,-20,10,20,20,-20,0
44,0,0,0,0,-20,0,10,10,10,20,30,-10,-10,0,0,-20,20,20,0,0,0,0,-10,0
45,0,0,0,-10,0,0,30,0,-10,-30,10,30,20,-10,-30,-20,-20,10,30,20,-20,-20,-20,20
46,10,0,10,-20,-30,0,30,20,-10,10,-10,-20,10,10,20,-10,10,20,0,-30,-30,-10,10,30
47,0,0,0,0,0,0,-20,-20,20,0,30,0,20,30,10,10,0,-10,-30,-30,30,20,30,-10
48,0,0,0,0,0,0,0,-10,0,20,30,20,-20,-10,-10,-20,10,30,0,-30,-10,-10,30,10
49,0,0,-10,-10,-10,20,30,20,-20,-20,20,20,0,-10,-10,0,20,0,-10,-20,0,0,-10,10
50,0,0,0,20,0,-10,0,-10,-10,0,30,30,0,-20,-20,30,30,30,10,-30,-30,-20,30,30
51,0,0,0,-10,0,0,0,30,30,0,-30,-20,30,30,0,-10,-10,20,-10,-10,0,20,-20,10
52,0,-10,0,0,20,30,-20,-20,-20,30,0,10,20,30,0,-20,-10,20,20,-10,-10,-30,-20,10
53,20,0,0,-20,-10,0,0,20,30,-10,-20,0,20,10,-10,-30,20,30,-10,-10,-10,0,0,10
54,0,0,0,20,20,-10,-30,-10,20,30,10,10,10,-20,-20,-10,30,20,-20,0,0,0,-10,10
55,0,0,0,20,10,-30,-10,0,30,30,-20,-30,-30,30,0,30,20,-20,0,10,0,-20,-30,-20
56,0,0,0,0,0,0,0,0,-10,30,30,10,0,-20,-10,10,30,20,-10,-30,-20,20,30,10
57,0,0,0,0,0,0,-10,20,30,-10,-10,-20,20,30,-10,0,10,-10,-30,-20,0,30,20,20
58,10,-20,-30,30,30,-10,-30,10,10,20,10,0,10,0,20,-10,-10,-20,-10,10,20,0,10,0
59,0,0,0,0,0,-10,20,30,10,0,-30,-30,0,20,30,20,10,-20,-30,0,20,20,-10,-30
60,0,0,0,0,0,0,0,-10,20,20,10,-20,-20,10,-10,0,10,30,30,0,-30,-20,10,20
61,10,-10,-10,-10,30,30,0,-20,-20,-10,30,10,10,-30,-20,10,30,0,0,-10,-20,-30,0,30
62,0,0,0,0,0,0,20,20,-30,-20,0,20,30,0,-20,-10,0,10,20,20,-20,-20,0,20
63,0,0,0,0,0,-10,-20,10,30,20,20,0,-20,0,20,-10,-20,-10,10,20,20,0,-20,-20
64,-10,0,0,30,30,-30,-30,-10,10,20,20,0,20,30,-20,-30,-20,30,30,30,-30,-30,-10,30
65,0,-10,0,20,0,0,0,-10,-10,0,20,30,20,-30,-20,10,30,10,0,-30,-10,30,10,-10
66,0,0,0,0,0,0,20,-20,-30,20,0,20,10,30,-20,-20,-20,10,30,20,-20,-30,-10,20
67,0,0,0,0,0,0,10,-10,10,-10,20,30,0,-20,-10,10,10,30,-20,-30,-30,10,10,30
68,0,0,20,-10,-20,0,0,0,20,20,0,0,-10,-30,-30,20,20,0,10,10,-10,-10,-30,-20
69,0,0,-10,30,0,-20,10,30,10,-20,-30,10,20,10,30,30,-10,0,-30,-30,-20,0,30,30
70,0,0,0,0,-10,0,-10,0,10,30,30,0,-30,-10,30,20,0,-30,-10,0,0,0,0,30
71,0,0,0,10,10,-10,0,10,10,10,10,20,10,-20,-30,-30,10,20,10,-20,-30,10,30,30
72,0,10,0,-10,10,20,-20,-30,0,30,30,-10,-20,-10,10,30,30,-10,-30,-30,10,30,30,10
73,0,0,0,-10,10,0,10,20,20,0,-20,-10,0,20,10,20,30,0,-30,-20,30,30,0,-20
74,0,0,0,0,0,0,0,10,10,0,10,0,10,10,-10,-20,20,0,-10,-30,0,10,20,30
75,0,0,0,0,0,0,-10,20,20,10,10,0,-20,-10,10,20,30,0,-30,-30,10,30,0,-20
76,0,0,0,0,0,0,-10,-10,10,30,20,10,-20,0,-10,20,20,20,-10,-30,-20,-20,0,20
77,0,0,0,0,0,0,-10,10,20,30,0,-10,-10,-20,10,20,-10,-20,10,10,0,0,-10,-20
78,0,0,0,0,0,0,0,10,20,20,0,-30,-10,-10,0,20,30,20,-30,0,-30,-20,0,20
79,0,0,0,0,0,0,-10,0,30,30,20,0,-30,0,-20,-10,-10,20,0,-10,20,-10,0,10
80,0,0,0,0,0,10,20,-20,-10,-10,0,20,10,-20,10,0,10,10,-20,-30,0,0,0,20
81,0,-10,0,30,30,-30,-30,0,30,10,0,-20,10,20,0,-20,10,0,-30,-20,0,20,20,20
82,0,20,0,0,0,0,0,-30,-10,20,0,30,30,30,-10,0,0,10,20,-10,-20,-30,-20,10
83,0,0,0,0,0,0,-20,-20,10,30,20,0,0,10,0,-10,-30,30,30,-10,-10,10,0,0
84,0,0,0,0,0,0,-10,0,20,20,10,-30,-30,10,30,30,20,-30,-30,-10,10,30,30,-30
85,0,-10,-10,30,30,-20,-20,-10,30,20,10,-20,-20,10,10,30,0,-30,-10,-10,0,30,30,0
86,0,0,0,0,0,0,0,0,20,10,10,20,20,-30,-10,30,30,-20,-30,-30,0,30,30,20
87,0,0,10,0,-20,10,0,0,-10,10,20,0,10,20,0,-20,-20,-10,0,20,30,10,-20,-30
88,0,0,0,0,0,0,0,20,-10,20,20,0,-20,0,30,30,0,-10,-20,0,20,0,-20,0
89,0,20,0,-20,-10,0,10,30,20,-20,-10,20,30,0,-30,-20,10,20,-20,-20,-30,-20,20,30
90,0,0,0,0,0,0,0,10,20,0,-10,-10,20,30,10,-10,-20,-20,-10,0,30,30,0,-30
91,0,0,0,0,0,0,0,0,-10,10,30,10,-10,-10,10,10,30,-10,-30,0,-10,-10,30,30
92,0,0,0,0,0,0,0,10,10,0,10,-10,-10,0,10,-10,0,-10,0,-20,-20,30,30,10
93,0,10,0,10,0,0,-10,-10,-20,0,30,30,-10,-20,-30,-20,10,30,20,30,-20,-20,-20,20
94,0,0,0,0,0,0,20,10,10,10,-30,-30,30,30,30,-10,-30,-30,-30,0,30,30,0,-10
95,0,0,0,-10,10,-10,20,0,-20,0,30,20,-10,10,-20,-20,10,20,10,-10,0,-10,-10,20
96,0,0,0,0,0,0,0,10,-10,20,30,0,-20,-20,0,10,-10,0,-10,-20,-10,30,30,-20
97,0,0,0,0,0,0,0,0,10,30,10,-30,-10,20,20,20,20,-20,-30,0,-10,20,20,0
98,0,0,0,0,0,0,0,0,20,0,-10,20,10,20,-30,-20,-20,-20,30,30,0,-20,0,10
99,0,-10,0,10,30,0,-30,-10,20,20,30,0,-20,-20,10,10,0,0,20,20,10,-10,-20,-10
100,0,0,0,0,20,-10,-10,0,10,20,30,-20,-10,-20,20,30,0,-20,-20,-10,20,10,0,10
101,0,0,0,0,0,0,0,10,0,0,10,30,-10,-10,-10,0,10,10,10,20,0,-20,-30,-10
102,0,0,0,0,0,0,0,0,-10,10,30,-10,-20,0,20,10,-30,-30,20,30,30,0,-30,-30
103,0,0,0,0,-10,0,10,0,20,30,0,-10,-10,-10,20,20,10,-20,-30,0,20,10,10,10
104,0,0,-10,-20,-10,30,20,0,10,0,-10,-20,10,30,10,-20,0,-10,-10,10,10,0,-10,30
105,0,0,0,0,0,0,0,0,0,30,20,-20,-30,10,10,-10,-10,20,10,-20,0,-10,20,0
106,0,0,0,10,20,-20,-20,10,30,10,-30,-30,10,20,30,30,-20,0,-30,-20,-10,0,30,20
107,0,0,0,-20,0,10,0,20,20,0,0,-10,-20,-20,30,20,30,10,-30,-20,0,20,-10,-30
108,0,0,0,0,0,0,0,20,10,0,10,-10,-20,-10,30,10,-10,-10,10,-20,-30,10,30,30
109,0,0,0,0,0,10,20,10,0,-10,0,10,10,0,-20,-30,0,20,20,30,-20,-30,-20,20
110,0,0,0,0,20,0,-10,-20,-10,10,20,30,0,0,-30,0,30,20,0,-30,-10,20,20,0
111,0,0,0,0,10,20,10,-30,-10,20,30,10,0,-10,-10,20,0,0,-10,-30,0,20,20,-10
112,0,0,0,0,0,0,0,0,20,30,0,-30,0,30,10,-30,-10,20,0,0,0,-20,-20,-10
113,0,0,0,0,0,0,0,0,-10,20,20,10,-20,-30,0,10,20,10,0,10,-30,0,0,0
114,-10,-20,30,20,0,0,-20,0,0,20,20,10,10,-10,-20,-20,-10,20,20,30,0,-30,-30,0
115,0,0,0,0,0,0,0,0,20,30,0,0,-30,10,30,30,30,-30,0,-10,-20,-10,-10,10
116,0,0,0,0,0,0,0,-10,30,30,10,-20,-10,-20,-10,0,10,30,0,-30,-30,10,30,30
117,20,0,0,-30,0,30,-10,0,-10,0,0,30,10,-10,-10,10,-10,-30,-10,0,20,20,0,10
118,0,0,0,0,10,-20,-20,0,20,20,0,20,20,-10,-30,-30,-20,30,30,0,-30,0,10,10
119,0,0,0,0,0,-10,10,30,10,0,10,-30,-30,20,10,0,-10,0,0,-10,-20,30,30,10
120,0,0,0,0,0,0,0,20,30,20,0,-10,-10,-10,-30,0,20,20,0,0,0,-10,-20,0
121,0,0,0,10,0,-20,10,0,-10,30,20,-10,10,0,-30,-30,20,30,0,-30,-30,10,20,30
122,0,0,0,0,0,0,0,20,0,-20,-10,30,30,-10,-30,-20,0,30,30,30,-10,-30,-30,0
123,0,0,0,-20,0,30,20,10,0,-20,-30,20,30,0,0,10,-10,-10,-10,30,30,20,-10,-30
124,0,0,0,0,0,0,0,0,0,20,10,10,-10,-30,10,20,-10,0,0,0,-20,-10,30,10
125,0,20,0,0,0,0,-20,-20,20,30,-10,-30,10,0,30,30,10,-20,-30,-30,-10,10,30,0
126,0,0,0,0,0,0,0,0,20,0,0,10,0,-20,10,30,-10,-10,10,20,30,-20,-20,-30
127,0,0,0,0,0,0,0,0,10,20,20,10,20,10,-10,-20,0,10,0,-10,-20,0,0,10
128,0,0,0,0,0,0,0,10,10,0,10,0,-20,0,20,30,10,0,-10,-10,0,-10,20,20
129,0,0,0,0,0,0,0,0,0,20,30,0,-30,0,10,10,30,-10,-20,-30,-30,20,10,20
130,0,0,0,0,0,20,20,0,-20,-20,0,0,30,0,-30,0,0,10,10,0,30,20,-10,-10
131,0,0,0,0,0,0,0,0,10,10,-10,-10,10,10,20,-10,0,-10,10,-20,-20,30,20,0
132,0,0,0,0,0,0,0,0,20,20,20,0,-20,-10,10,10,-30,-20,-10,20,20,0,-20,-20
133,0,0,-10,0,0,30,0,-20,-30,0,30,30,20,0,-30,0,20,20,10,-30,-10,-20,-10,10
134,0,0,0,0,0,0,0,-20,10,30,20,0,0,-20,-20,-10,30,0,10,20,30,0,-10,-30
135,0,0,0,0,0,0,0,10,20,10,-20,-10,0,0,20,0,-30,-30,0,20,20,0,-10,20
136,0,0,0,0,0,0,0,10,0,-10,-20,30,20,10,-30,-20,0,10,-10,30,0,-10,10,-20
137,20,10,0,-10,-30,-30,0,30,30,30,10,-30,-30,-20,30,0,20,30,30,-30,-30,-10,30,20
138,0,0,0,0,0,0,0,20,0,10,0,0,-20,0,20,30,30,10,-30,-30,-20,10,30,10
139,0,0,0,0,0,0,0,0,10,30,0,10,-20,-10,10,0,0,10,10,0,-10,-30,-20,10
140,0,20,0,-30,-10,20,10,-10,10,0,30,30,0,-30,-20,-10,30,30,-10,-30,-10,10,10,10
141,0,0,0,0,0,0,0,0,-10,10,10,0,-10,20,0,-10,0,-10,10,30,-10,-20,-10,10
142,0,0,0,0,0,0,0,0,20,0,0,-10,-10,0,30,10,0,-30,-30,-20,10,30,30,30
143,0,0,0,0,0,0,0,10,-10,-20,30,10,-20,-10,-20,10,20,30,0,-30,-30,-30,-10,20
144,0,0,0,0,0,0,0,0,20,0,-20,0,10,10,20,0,-20,-20,-10,0,30,20,10,0
145,0,0,0,0,0,0,0,0,-10,30,30,0,0,0,-10,-10,-20,30,30,0,-20,-30,0,30
146,-20,-20,20,20,0,20,-10,0,0,20,-10,0,-10,-20,30,10,-20,0,-20,30,0,-30,-10,30
147,0,0,0,0,0,0,0,0,-10,30,20,20,0,-20,-30,-20,-10,10,30,20,10,-30,-30,0
148,0,0,0,0,0,-10,-10,0,20,30,10,-20,-10,10,20,-20,-10,-20,20,30,-30,-30,-10,10
149,0,0,0,0,20,10,0,-10,-10,-20,20,10,0,20,0,10,-20,-30,20,20,30,10,-20,-30
150,0,0,0,0,0,0,0,-10,20,30,20,20,0,-30,-20,30,30,30,-20,-30,0,0,10,30
151,0,0,0,0,0,0,0,0,30,20,-20,-30,0,20,0,-10,-20,0,30,30,30,-20,-30,-20
152,0,20,0,-20,-30,0,20,20,20,-10,0,20,0,-10,0,-10,0,0,20,0,0,0,-20,0
153,0,0,0,0,0,0,0,10,30,0,-10,0,0,20,30,30,-30,-30,-20,20,30,20,20,-20
154,0,0,0,0,0,0,0,0,30,30,-10,-20,-30,0,30,30,0,-20,-10,0,10,0,10,-30
155,0,0,0,0,0,0,0,0,30,10,0,-30,10,30,10,-10,-30,-30,-20,20,30,30,10,-20
156,0,0,0,0,0,0,0,10,0,30,-10,0,10,10,10,-30,-20,30,20,-20,-30,-10,20,0
157,0,0,0,0,0,0,0,10,0,0,30,-10,-20,-20,20,20,30,10,-10,-20,-10,0,20,-10
158,0,0,0,0,0,0,0,0,0,10,20,10,-20,-10,0,10,10,20,10,0,-20,-30,30,20
159,0,0,0,0,0,0,0,-10,10,20,20,0,-30,0,10,30,30,-20,-30,-30,10,0,0,0
160,0,0,0,0,0,0,0,0,30,20,10,-10,-30,0,10,30,20,-20,-30,-20,-20,10,20,20
161,0,0,0,0,0,0,0,20,20,-30,-30,0,30,30,20,-10,-10,0,0,-30,0,30,0,-10
162,0,0,0,0,0,0,0,0,0,10,20,30,10,-30,-20,0,20,0,20,-10,0,10,-20,-30
163,0,-20,0,30,30,-30,-30,-20,10,0,30,30,0,10,0,0,0,0,-20,-20,20,30,30,-20
164,0,10,10,-30,-20,0,10,10,20,20,10,10,0,-10,-10,10,30,0,-30,0,-10,10,30,10
165,0,0,0,0,0,0,0,20,20,0,-10,0,0,10,0,10,-10,0,-10,10,0,-10,-10,20
166,0,0,0,0,0,0,0,0,20,20,0,-30,0,10,30,10,-20,-30,20,20,0,0,0,10
167,0,20,0,-30,-10,0,20,30,20,0,-20,-30,-20,10,30,20,30,0,-10,-30,-20,0,20,30
168,0,0,0,0,20,20,0,-30,-20,30,30,0,0,0,10,-30,-20,-10,30,20,10,-20,-20,0
169,0,0,0,0,0,0,0,0,-10,0,10,20,20,-20,-30,-10,10,20,10,10,-10,0,-10,-10
170,0,0,0,0,10,20,0,-20,0,30,0,-30,0,30,10,10,-20,-20,-10,-10,0,20,30,30
171,0,0,0,0,0,0,0,0,0,0,30,10,0,-10,-10,-30,-20,30,30,10,-30,-30,-20,30
172,0,0,0,0,0,0,0,0,30,10,0,-10,10,0,30,20,0,0,0,10,10,0,-30,-30
173,0,0,0,0,0,0,20,0,-10,-10,0,0,20,10,0,-30,0,20,10,-10,0,30,20,10
174,0,0,0,0,0,0,0,10,0,0,10,10,0,-20,20,20,0,-10,-10,-20,-20,-20,20,0
175,0,0,0,0,0,20,-20,0,20,10,-20,-20,0,30,10,0,-30,0,10,10,-20,10,0,-10
176,0,0,0,0,0,10,0,-20,10,20,20,0,10,0,-20,-30,0,30,30,10,-30,-10,0,10
177,0,20,0,0,-30,-30,0,30,20,30,0,-30,-10,0,30,20,10,-30,-20,20,20,20,-10,0
178,0,0,0,0,0,0,0,0,30,10,-30,-30,20,30,0,0,-20,-10,0,10,-10,10,10,20
179,0,0,0,0,0,0,0,0,30,10,-10,-20,-20,20,0,30,30,30,-10,-30,-20,-10,30,30
180,0,0,0,0,0,0,0,0,-10,10,20,30,0,-30,-20,20,20,-10,-20,0,0,-10,-20,20
181,0,0,0,0,0,0,0,0,-10,0,30,20,-20,-10,0,10,0,10,30,-10,-10,-20,20,10
182,0,0,0,0,0,0,0,-10,10,30,20,-20,-30,-10,20,0,-10,-10,0,-10,10,0,20,0
183,0,0,0,0,0,0,0,0,0,0,10,30,30,20,-30,-20,0,10,10,10,0,0,0,-10
184,0,0,0,-10,0,20,10,-20,-10,0,0,0,30,0,-30,10,10,0,0,0,20,10,-20,-10
185,0,0,0,0,0,0,0,-10,-10,20,20,30,0,-30,-20,30,30,20,-30,0,-10,-10,-20,-20
186,0,0,0,0,0,0,10,-10,0,20,30,10,0,-20,-20,0,20,30,10,10,-30,-10,0,10
187,0,0,0,0,0,0,0,0,20,10,0,0,-10,0,-10,0,20,30,0,-10,-20,10,0,20
188,0,0,0,0,0,0,0,0,0,30,30,10,-30,-30,0,30,30,0,-10,-10,-10,10,0,-10
189,0,0,0,0,0,0,10,0,-20,30,30,-10,-10,-30,-20,30,0,10,0,30,0,-30,-30,30
190,0,0,0,0,0,0,0,0,0,30,30,0,-20,-10,0,-20,-20,30,20,-10,-10,0,0,-10
191,0,0,0,0,0,0,0,0,0,10,30,20,20,-20,-20,-20,0,30,30,-30,-30,10,10,-10
192,0,0,0,0,0,0,0,-10,10,30,30,-30,-30,-30,20,20,10,10,-30,-30,0,30,0,-20
193,0,0,0,0,0,0,0,0,0,0,20,0,-10,0,0,30,30,-20,-30,-20,-10,0,10,30
194,0,0,0,0,-10,0,30,30,-30,-30,0,10,30,10,20,-10,-30,-30,0,30,30,30,0,-20
195,0,0,0,0,0,0,0,0,20,10,10,10,0,10,-20,10,0,0,10,-20,-30,0,30,30
196,0,0,0,0,0,0,10,0,10,-10,0,0,30,30,-10,-30,-30,-20,20,30,10,0,-20,-10
197,0,0,0,0,0,0,0,-10,30,10,-10,-10,0,10,20,10,30,-20,-30,-20,0,20,30,0
198,0,0,0,0,0,0,0,0,30,10,0,-10,0,30,0,-20,0,10,30,20,-30,-20,0,30
199,0,0,0,0,0,0,0,-20,20,30,0,-30,-20,0,20,30,30,-20,-30,0,20,0,-10,10
200,0,0,0,0,0,0,0,0,10,10,0,-20,0,10,30,20,-20,-10,-10,0,0,0,0,30
201,0,0,0,20,0,-20,-30,0,30,0,30,30,0,-10,-20,0,0,0,10,0,0,-20,0,30
202,0,0,0,0,0,0,0,0,10,30,-10,-30,0,0,20,10,20,0,-20,0,0,0,0,0
203,0,0,0,0,0,0,0,0,10,-10,-10,0,10,10,0,0,-20,0,-10,0,0,0,10,10
204,0,0,0,0,0,0,0,0,0,-10,0,10,20,-10,-20,0,20,30,10,-20,0,-10,0,10
205,0,0,0,0,0,0,0,0,0,30,30,30,-20,-30,-20,-20,20,20,20,-10,-20,-30,-30,20
206,0,0,0,0,0,0,0,-10,-10,30,30,20,-30,-30,-20,0,10,30,20,-20,-20,-20,0,30
207,0,0,0,0,0,0,0,0,0,20,10,-10,20,-10,0,10,0,10,0,20,-10,0,-20,-20
208,0,0,-20,0,30,20,-30,-10,20,30,20,-30,-30,0,10,0,0,10,10,30,0,-10,-10,-30
209,0,0,0,0,0,0,0,0,0,20,20,10,0,10,20,20,-10,-30,-20,-10,0,20,30,10
210,0,20,0,-10,0,-30,-10,30,10,20,20,0,0,0,10,20,-10,-30,10,0,0,0,10,20
211,0,0,0,0,0,0,0,0,20,0,-30,-20,30,0,30,30,0,-20,-10,0,10,-20,-20,0
212,0,0,0,0,0,0,0,0,0,0,10,10,0,0,0,0,-20,-30,-10,30,10,-10,-20,20
213,0,0,-10,0,30,30,-30,-30,-10,-10,10,10,30,-10,0,0,0,0,-20,0,0,0,10,0
214,0,0,0,0,0,0,0,0,10,0,0,20,10,0,0,0,-20,0,0,30,0,-20,-10,-10
215,0,0,0,0,0,0,10,0,-10,0,10,10,0,0,0,0,10,10,20,10,-10,-30,-20,20
216,0,0,0,0,0,-20,0,10,30,30,0,-30,-20,-20,20,20,0,0,0,0,0,-10,-10,10
217,0,0,0,0,0,0,0,0,0,20,0,10,-20,0,30,20,20,10,-20,-20,0,10,0,20
218,0,0,0,0,0,0,0,0,10,20,10,0,0,10,10,0,0,0,20,0,-30,0,0,-10
219,0,0,0,0,0,0,-10,0,20,10,0,10,10,0,-10,-20,0,30,30,10,-20,-30,-10,-10
220,0,0,0,0,0,0,0,0,-10,0,30,10,0,-10,0,-20,10,20,10,0,0,0,0,-10
221,0,0,0,0,0,0,0,0,10,20,-10,10,0,0,30,10,-30,-20,-10,20,30,20,-30,-20
222,0,0,0,0,0,0,0,10,30,-10,-20,-20,20,20,0,-30,-20,10,20,30,0,-30,-10,0
223,0,0,0,0,-10,0,30,10,10,-10,-30,-30,10,20,20,20,0,0,0,0,-20,-10,0,10
224,0,0,0,0,0,0,0,-10,0,30,30,10,-20,0,10,0,30,0,-10,0,0,10,-10,0
225,0,0,0,0,0,0,0,0,30,20,0,-30,-30,-10,20,30,30,10,-20,-20,-30,-20,30,0
226,0,0,0,0,0,0,0,0,20,10,0,0,-20,0,20,10,-10,-20,-20,0,20,20,30,20
227,0,0,0,0,0,0,0,0,10,0,20,20,0,0,-20,-30,0,30,20,0,-30,-10,-10,10
228,0,0,0,0,0,0,-20,-10,10,30,20,20,-20,0,0,20,30,30,-30,-30,0,10,0,-10
229,0,0,0,0,0,0,0,0,30,30,-20,-30,-10,-10,20,20,30,-10,-20,-30,0,30,20,10
230,0,0,0,0,0,0,0,0,0,0,0,10,20,0,0,-10,-20,-30,-10,10,20,10,10,30
231,0,0,0,0,0,0,0,0,0,0,10,0,30,0,-10,-10,0,-10,0,0,0,0,10,-30
232,0,0,0,0,0,-20,0,20,20,10,-10,10,-20,-20,20,30,30,-20,-30,-30,0,10,10,20
233,0,0,0,0,0,0,0,0,0,20,20,10,0,0,10,-30,10,10,0,-30,0,30,0,-20
234,0,0,0,0,0,0,0,0,10,10,-20,-10,20,10,0,-20,-20,10,10,0,0,0,-10,-10
235,0,0,0,0,0,0,0,0,20,30,0,0,0,-10,-20,-10,20,30,0,-20,-30,0,30,10
236,0,0,0,-10,0,10,30,0,-20,-10,-10,10,30,10,-10,-10,-20,-10,0,0,30,20,0,-30
237,0,0,0,0,0,0,0,0,0,0,20,20,20,-20,10,30,0,-20,-30,0,20,20,-10,0
238,10,0,-10,10,0,0,0,0,0,-10,0,30,10,0,-20,-30,-10,30,0,10,30,20,0,-10
239,0,0,0,0,0,0,0,0,0,30,10,0,10,0,-20,0,10,-10,0,0,30,30,-10,-30
240,0,0,0,0,0,0,0,10,0,10,0,20,0,-30,-30,30,30,10,-30,-20,10,10,20,30
241,0,0,0,0,0,10,0,-20,10,30,30,10,0,-10,-30,-30,0,30,30,30,10,-30,0,-20
242,0,0,0,0,0,0,0,0,0,30,20,0,0,10,-10,-10,20,0,0,0,0,-30,-20,10
243,0,0,0,0,0,0,0,20,20,0,-10,0,0,10,30,30,-20,-30,-20,-30,30,30,30,-10
244,0,0,0,0,0,0,0,0,0,10,30,10,10,-10,-20,-10,0,30,0,-30,-30,0,30,30
245,0,0,0,0,0,0,0,0,0,10,20,20,20,-20,-30,-20,20,0,30,30,20,-20,-20,-30
246,0,0,0,0,0,0,20,0,0,0,-20,0,30,30,10,-30,-20,-10,10,20,0,0,-10,-20
247,0,0,0,0,0,0,0,0,30,30,0,-10,0,0,-10,0,0,0,0,0,0,0,0,-10
248,0,0,10,10,-30,-10,30,30,-20,0,20,10,-20,-30,-10,30,0,30,10,0,-30,-10,20,30
249,0,0,0,0,0,0,10,20,-20,-20,0,20,10,-10,20,10,-20,10,0,0,-10,-20,-30,0
250,0,0,0,0,0,0,0,0,0,20,20,20,0,-10,-30,-20,20,30,10,-30,-30,-20,0,30
251,0,0,0,0,0,0,0,0,20,10,0,-20,-30,10,10,30,30,0,-20,-20,0,0,30,20
252,0,0,0,0,0,0,0,0,0,0,0,10,30,20,-30,-30,0,20,20,10,-30,-20,20,20
253,0,0,0,0,0,0,0,0,0,0,0,10,30,20,0,-30,-20,10,30,30,-10,-30,-20,20
254,0,0,0,0,10,0,0,0,-20,20,20,20,0,0,0,0,30,20,20,-20,-30,-20,20,10
255,0,0,0,0,0,0,0,0,10,10,0,-10,-20,-10,30,30,20,-10,0,-30,-30,0,0,30
256,0,0,0,0,0,0,0,0,30,20,-10,0,0,-10,0,10,30,10,10,20,20,-20,-30,-20
257,0,0,0,0,0,0,0,20,0,0,20,10,10,-20,-10,0,-10,0,0,-10,10,-10,0,10
258,0,0,0,0,0,0,0,0,20,30,20,-20,-20,-10,20,10,10,0,0,0,0,-10,-20,-20
259,0,0,0,0,0,0,0,10,30,-10,0,0,0,20,-10,20,-10,-30,10,30,20,0,-20,-20
260,0,0,0,0,0,0,0,0,0,0,30,20,0,-10,-30,-20,10,20,20,-20,-20,0,30,20
261,0,0,0,0,0,0,20,0,0,-10,30,20,0,-10,-30,10,20,20,0,0,0,-20,-20,10
262,0,0,0,0,0,0,0,20,10,-20,-20,-10,20,20,10,30,0,-30,-30,10,30,30,-20,0
263,0,0,0,10,0,0,-20,-20,20,20,20,-10,0,0,0,0,0,0,-20,0,0,0,0,-10
264,0,0,0,0,0,0,0,30,20,0,-10,-10,0,0,20,0,20,0,0,-10,-20,-30,0,30
265,0,-10,0,0,10,0,0,0,30,20,-20,-10,0,10,0,-30,0,10,30,-20,-30,-10,30,30
266,0,0,0,0,0,0,0,0,0,-10,10,20,10,-30,10,10,0,10,-10,0,-10,0,-20,-10
267,0,0,0,0,0,0,0,0,10,10,20,10,0,-10,0,20,20,0,-20,0,20,30,0,-30
268,0,0,0,0,0,0,0,0,10,10,0,0,10,10,20,0,0,-10,0,30,-20,-10,10,30
269,0,0,0,0,0,0,0,0,20,30,0,-20,-10,0,10,20,10,-10,0,0,-10,0,-10,30
270,0,0,0,0,0,0,0,0,20,30,10,0,-20,-20,10,20,10,0,0,10,20,-10,-30,0
271,0,0,0,0,0,0,0,0,10,0,-10,0,20,0,10,10,-30,-30,-20,30,20,0,-20,10
272,0,0,0,0,0,0,0,0,30,30,10,-30,-30,-20,30,30,0,0,-20,-20,0,20,10,10
273,0,0,0,0,0,0,0,0,30,20,-20,-10,0,0,-10,30,10,10,0,0,-20,-20,0,30
274,0,0,0,0,0,0,0,0,0,10,20,30,20,-20,-20,10,30,0,-30,-30,0,30,30,10
275,0,0,0,0,0,0,0,0,0,30,20,0,-30,-30,0,30,20,0,-10,0,10,0,0,20
276,0,0,0,0,0,0,0,20,20,-20,-10,0,10,30,30,0,-20,-10,-20,-10,30,10,0,10
277,0,0,0,0,0,0,0,0,10,0,20,10,-20,-30,0,30,20,-10,-10,0,10,0,-20,20
278,0,0,0,0,0,0,0,0,0,10,0,0,-10,-20,30,10,0,-10,-20,10,10,0,-20,10
279,0,0,0,0,0,0,0,0,20,10,20,10,0,-30,-10,20,20,0,10,0,-20,0,0,10
280,0,0,0,0,0,0,0,0,20,20,-20,-30,-20,10,30,30,30,0,-20,-10,10,0,10,0
281,0,0,0,0,0,0,0,0,0,10,0,0,-20,0,0,30,20,0,-30,-20,-10,30,10,-20
282,0,0,0,0,0,0,0,0,0,30,20,0,0,-20,-10,30,10,0,-30,-20,10,0,-10,20
283,0,0,0,0,0,0,0,0,0,0,30,20,-20,-10,-10,10,30,30,-10,-30,-30,0,0,30
284,0,0,0,0,0,0,0,0,20,0,-10,10,30,-10,-20,-30,10,20,10,-20,10,30,0,0
285,0,0,0,0,0,0,0,0,0,0,10,10,10,20,0,0,0,-20,0,20,10,0,0,-30
286,0,0,0,0,0,0,20,-20,0,10,0,0,20,0,20,10,-20,-20,0,0,10,30,30,0
287,0,0,0,0,0,0,0,0,0,10,20,20,10,0,-30,-20,30,30,20,-10,0,-30,-30,-30
288,0,-10,0,10,20,0,-30,-10,10,20,20,0,-20,-10,0,0,30,0,-20,0,-20,-20,20,30
289,0,0,0,0,0,0,0,0,20,30,-30,-30,-10,0,30,20,0,0,0,-30,-30,-10,10,20
290,0,0,0,0,0,0,0,0,0,0,0,0,20,20,-30,-10,0,30,0,-20,-30,20,10,10
291,0,0,0,0,0,0,0,0,0,20,10,0,-10,10,0,-20,0,10,30,20,-10,-20,-20,-20
292,0,0,0,0,0,0,0,0,20,-10,0,-10,10,10,20,10,-20,-30,-30,-10,10,10,10,0
293,0,0,0,0,0,0,0,20,10,-20,10,20,-20,-10,-10,30,30,0,-30,-30,0,30,20,-20
294,0,0,0,0,0,0,0,0,0,0,20,10,0,-20,0,10,10,0,0,-10,0,10,20,0
295,0,0,0,0,0,0,0,0,10,10,30,0,-10,-10,-10,20,10,20,-10,-30,-30,10,30,20
296,0,0,0,0,0,0,0,-10,30,10,0,0,0,0,10,30,20,-10,-30,-10,-20,0,30,30
297,0,0,0,0,0,0,0,0,0,10,10,20,30,0,-20,-10,10,10,-10,0,0,10,0,10
298,0,0,0,0,0,10,0,10,10,-20,-30,0,10,30,10,0,0,0,-10,0,-10,0,0,20
299,0,0,0,0,0,0,0,0,0,10,10,10,20,0,0,10,0,-30,-30,0,20,20,30,10
300,0,0,0,0,0,0,0,10,-10,30,30,0,0,0,0,-10,-10,0,20,10,-10,-30,0,30
301,0,0,0,0,0,0,0,0,-10,-10,20,30,20,-20,10,30,20,-20,-30,-30,0,30,0,0
302,0,0,0,0,0,0,0,0,10,10,20,0,-30,-20,30,30,20,-20,-30,-20,20,10,0,-10
303,0,0,0,0,0,0,0,20,0,0,0,0,0,0,-20,-20,10,20,0,10,0,-10,-30,-10
304,0,0,0,0,0,0,0,0,0,20,10,0,0,10,-10,0,0,-10,10,-10,10,0,20,0
305,0,0,0,0,0,0,0,0,0,-10,0,20,30,20,-30,-20,-20,30,20,-10,10,-20,-20,0
306,0,0,0,0,0,0,0,0,10,10,0,-20,0,10,0,-10,0,0,0,20,0,10,0,0
307,0,0,0,0,0,0,0,0,0,30,30,0,-10,-20,-10,10,30,0,-10,-30,-30,30,20,0
308,0,0,0,0,0,0,-10,0,0,0,20,30,0,-10,-10,0,20,30,0,-20,-20,0,20,30
309,0,0,0,0,0,0,0,0,0,20,30,10,0,-30,10,-10,0,0,10,0,30,0,-10,-20
310,0,0,0,0,0,0,0,0,0,30,0,-30,0,30,20,10,-20,-30,-10,20,30,10,-20,-30
311,0,0,0,0,0,0,0,0,0,10,10,10,20,0,-20,-30,0,30,30,0,0,0,-30,-30
312,0,0,0,0,0,0,10,0,30,10,-10,-20,10,10,20,10,0,-10,0,0,20,0,-10,0
313,0,0,0,0,0,0,0,0,-10,30,20,0,0,0,0,-20,0,0,-10,10,0,0,0,0
314,0,0,0,0,0,0,0,-10,10,20,10,-10,-20,0,20,-10,-10,0,0,10,30,0,0,-10
315,0,0,0,0,0,0,0,0,0,0,30,10,0,10,-10,-20,0,30,10,-20,-30,-20,20,10
316,0,0,0,0,0,0,0,0,0,20,10,-10,20,20,-30,-30,0,30,30,10,-20,-20,-10,10
317,0,0,0,0,0,0,0,0,0,20,10,0,0,20,-10,-20,0,10,10,0,-20,-20,-10,10
318,0,0,0,20,0,0,-10,-10,10,0,20,0,-20,-10,10,10,30,0,0,-20,-20,-10,10,20
319,0,0,0,0,0,0,0,0,0,20,20,20,0,-30,0,20,30,20,-30,-20,0,30,10,-20
320,0,0,0,0,0,0,0,0,30,0,-20,-10,0,-20,0,0,30,20,0,-20,-20,0,20,0
321,0,0,0,0,0,0,0,0,0,0,0,10,30,10,-20,-20,0,10,10,-20,10,0,10,10
322,0,0,0,0,0,0,0,0,10,0,0,10,0,0,-20,10,30,0,-10,0,0,0,-10,0
323,0,0,0,0,0,0,0,0,0,0,10,0,30,0,-30,-30,0,20,30,0,-10,0,0,-10
324,0,0,0,0,0,0,0,0,0,0,10,10,0,30,0,0,0,-20,-20,20,20,0,0,10
325,0,0,0,0,0,0,0,0,0,0,0,20,0,20,0,-10,0,-10,0,10,30,20,-10,-10
326,0,0,0,0,0,0,0,0,0,10,20,10,10,0,-30,-30,30,20,0,-30,0,0,10,20
327,0,0,0,0,0,0,0,0,0,10,10,20,10,0,-10,0,20,-10,-20,-10,30,20,20,-20
328,0,0,0,0,0,0,0,0,0,0,10,10,30,10,-20,-10,0,-10,-10,-10,20,10,0,10
329,0,0,0,0,0,0,0,0,0,30,20,-10,-20,10,10,20,30,10,-20,-30,-10,0,20,30
330,0,0,0,0,0,0,0,0,30,0,-10,-20,0,0,20,20,0,-30,0,10,30,10,-20,-20
331,0,0,0,0,0,0,0,0,30,0,10,-20,-30,0,0,10,20,10,10,0,-10,-10,0,-30
332,0,0,0,-10,0,10,-10,0,20,30,10,0,-30,-20,30,30,0,-20,-30,-20,30,30,0,-20
333,0,0,0,0,0,0,0,0,0,0,0,20,10,-30,-10,20,0,-20,0,-20,10,20,10,-20
334,0,0,0,0,0,0,0,0,-10,0,20,30,0,-30,-20,-10,20,20,10,-20,0,-10,10,10
335,0,0,0,0,0,0,0,0,0,10,10,10,20,20,-20,-20,-30,0,10,20,0,0,-20,-20
336,0,0,0,0,0,0,0,0,10,0,0,0,0,10,20,30,-30,-30,-20,30,30,0,-20,-10
337,0,0,0,0,0,0,0,0,0,10,30,10,0,-20,0,0,-10,0,20,20,0,-30,-20,10
338,0,0,0,0,0,0,0,0,0,-10,10,30,30,-10,0,10,0,-20,0,-10,0,0,10,0
339,0,0,0,0,0,0,0,0,0,0,0,0,0,20,10,-10,-10,0,-20,0,0,0,0,0
340,0,0,0,0,0,0,0,0,0,10,10,0,10,0,-30,0,30,0,0,0,0,-10,-10,-20
341,0,0,0,0,0,0,0,0,-10,10,20,30,0,-20,0,0,30,20,0,0,-10,0,-30,-20
342,0,0,0,0,0,0,0,0,10,10,0,0,-20,-30,-10,30,0,20,20,30,0,-30,-30,20
343,0,0,0,0,0,0,0,0,0,10,30,0,0,0,0,-10,0,10,-10,-10,0,0,10,20
344,0,0,0,0,0,0,0,0,30,10,20,-30,-20,20,20,0,0,0,-10,0,30,10,-30,-30
345,0,0,0,0,0,0,0,0,0,-10,0,-10,0,20,0,-20,0,0,0,-10,-10,-10,10,30
346,0,0,0,0,0,0,0,0,0,0,0,0,0,0,0,0,30,-10,-20,0,20,0,0,-10
347,0,0,-20,0,30,20,10,-20,-20,-10,0,30,20,0,0,10,-30,-10,-10,0,30,10,-30,-20
348,0,0,0,0,0,0,0,0,0,0,0,10,20,10,20,-20,-10,-10,-20,-20,0,20,20,20
349,0,0,0,0,-10,20,10,0,-10,10,0,20,0,0,0,0,20,10,-20,-30,0,30,20,-20
350,0,0,0,0,0,0,0,0,10,0,20,0,-10,-30,20,20,10,0,20,0,-10,-20,-10,20
351,0,0,0,0,0,0,0,0,0,0,0,10,0,0,0,0,30,-10,0,0,0,-30,0,30
352,0,0,0,0,0,0,0,0,-10,0,10,10,30,30,0,-30,-30,-30,0,20,20,0,0,10
353,0,0,0,0,-10,0,0,10,20,20,20,0,-10,-20,-20,0,-10,-10,10,20,0,-20,20,30
354,0,0,0,0,0,0,0,0,20,0,-20,0,0,10,0,10,0,10,0,-20,-10,10,0,-30
355,0,0,0,0,0,0,0,0,0,0,0,20,0,0,10,-10,-30,10,10,10,0,-10,-20,0
356,0,0,0,0,0,0,0,0,10,20,30,0,-10,-10,0,0,0,0,0,10,20,0,-10,-30
357,0,0,0,0,0,0,0,0,0,0,10,0,30,30,0,-20,-30,-30,0,20,20,0,20,10
358,0,0,0,0,0,0,0,0,0,0,0,10,20,10,0,-30,0,10,0,10,0,0,0,-10
359,0,0,0,0,0,0,0,0,0,10,30,20,0,0,-20,-10,0,-10,-10,0,30,0,-10,0
360,0,0,0,0,0,0,0,0,0,0,10,0,20,-10,0,-10,0,10,0,-10,0,0,0,30
361,0,0,0,0,0,0,0,0,0,30,30,20,-10,-30,-20,0,0,0,10,30,0,-20,-10,0
362,0,0,0,0,0,0,0,0,20,0,0,0,0,0,-30,20,20,-10,-20,10,0,10,10,-10
363,0,0,0,0,0,0,0,0,20,0,-10,0,20,10,0,0,0,0,10,-30,-20,0,0,10
364,0,0,0,0,0,0,0,-10,-10,20,30,20,0,-30,-10,0,30,10,-10,-10,-10,10,0,0
365,0,0,0,0,0,0,0,0,-20,0,20,30,10,0,-10,0,-20,20,30,-10,-10,-30,-20,20
366,0,0,0,0,0,0,0,0,30,0,-30,-20,10,30,20,0,-10,0,20,-10,0,-10,-30,20
367,0,0,0,0,0,0,0,0,30,10,0,0,-20,-20,0,20,30,20,0,-10,0,10,-10,-10
368,0,0,0,0,0,0,0,0,30,30,0,-30,-30,0,20,10,-10,-20,10,30,0,0,0,10
369,0,0,0,0,0,0,0,0,0,30,20,10,10,-30,-10,0,20,10,0,-30,-30,-10,30,30
370,0,0,0,0,0,0,0,0,0,10,20,30,30,-20,-30,-10,20,0,20,20,20,-10,-20,-10
371,0,0,0,0,0,0,0,20,0,-20,-20,10,30,10,-10,-30,0,20,30,-10,-20,-20,0,20
372,0,0,0,0,0,0,0,0,0,10,10,10,10,-10,0,0,0,30,0,0,-30,0,0,-10
373,0,0,0,0,0,0,0,20,0,0,10,10,20,-20,-20,0,0,-10,0,0,0,0,0,10
374,0,0,0,0,0,0,0,0,0,20,20,10,0,10,10,10,0,-10,10,0,10,0,0,-30
375,0,0,0,0,0,0,-10,0,20,30,20,-10,-20,-30,0,20,30,0,0,-10,0,10,0,-30
376,0,0,0,0,0,0,0,0,0,0,30,0,0,0,0,0,0,0,-20,0,30,0,0,-30
377,0,0,0,0,0,0,0,0,10,0,0,0,0,20,10,-10,-20,0,-20,0,30,0,0,-10
378,0,0,0,0,0,0,0,0,-20,-10,20,20,30,30,0,-20,-20,-30,-10,30,30,0,-20,-20
379,0,0,0,0,0,0,0,0,20,0,-30,0,10,20,20,20,0,-30,0,10,20,0,-30,-30
380,0,0,0,0,0,0,0,0,-10,0,20,20,-10,0,-10,-10,10,20,30,10,-20,-30,-20,10
381,0,0,0,0,0,0,0,0,0,0,10,20,0,-30,10,0,20,0,30,10,-20,-30,0,0
382,0,0,0,0,0,0,0,0,0,0,0,20,10,20,0,-20,-30,-20,0,30,20,0,-10,-20
383,0,0,0,0,0,0,0,0,0,0,0,0,0,10,20,30,30,0,-30,-30,-10,0,30,30
384,0,0,0,0,0,0,0,0,-10,10,20,20,0,10,0,-30,0,0,30,10,0,-10,-20,-10
385,0,0,0,0,0,0,0,0,0,0,0,30,20,-10,0,10,0,-30,0,-10,0,10,10,30
386,0,0,0,0,0,0,0,0,0,30,30,-10,-10,-10,0,20,20,0,0,0,0,-10,-30,-20
387,0,0,0,0,0,0,0,0,0,30,20,0,0,-10,0,10,0,-30,-30,0,30,10,0,10
388,0,0,0,0,0,0,0,0,0,20,10,0,-20,0,0,0,30,30,0,0,0,10,0,-30
389,0,0,0,0,0,0,0,0,0,0,0,20,0,20,0,-30,-20,0,0,10,-10,0,10,20
390,0,0,0,0,0,0,0,0,0,10,20,0,0,-30,-10,10,30,10,0,10,-20,10,0,-10
391,0,0,0,0,0,0,0,0,0,20,30,10,0,-20,0,10,20,20,-10,-10,-10,0,0,-10
392,0,0,0,0,0,0,0,0,20,30,0,0,0,-20,-10,20,30,0,-10,-10,-30,20,20,20
393,0,0,0,0,0,0,-10,20,0,0,10,30,0,-10,-20,0,10,20,10,-10,-20,10,20,30
394,0,0,0,0,0,0,0,0,0,10,10,0,20,20,-10,0,-10,0,10,0,-10,0,-20,10
395,0,0,0,0,0,0,0,0,0,10,0,-10,-10,0,20,0,0,0,0,0,-20,-10,0,20
396,0,0,0,0,0,0,0,0,0,20,30,0,0,-20,0,20,0,-10,0,10,20,0,-20,-10
397,0,0,0,0,0,0,0,0,-10,30,30,20,0,-30,-10,0,20,20,30,20,-10,-20,-30,0
398,0,0,0,0,0,0,0,0,0,0,30,10,0,0,-10,0,0,20,10,0,0,-10,-10,-20
399,0,0,0,0,0,0,0,-10,0,30,30,20,0,-30,-10,0,0,20,20,0,-30,-30,0,20
400,0,0,0,0,0,0,0,0,0,30,0,-20,0,30,0,-30,-30,-10,30,30,-10,-20,-20,0
401,0,0,0,0,0,0,0,0,0,0,20,30,20,0,-20,-20,0,0,0,0,0,10,0,0
402,0,0,0,0,0,0,0,0,0,0,0,20,30,0,-20,-20,0,0,-10,0,10,0,0,-10
403,0,0,0,0,0,0,0,0,0,0,0,20,20,0,0,0,-10,0,-20,-10,0,20,20,0
404,0,0,0,0,0,0,0,0,0,20,10,-10,0,0,0,0,10,10,10,-10,10,20,0,-10
405,0,0,0,0,0,0,0,0,0,10,20,-10,0,0,-10,0,30,0,0,-20,20,0,-10,0
406,0,0,0,0,0,0,0,0,0,0,20,20,10,10,-30,-30,0,30,30,0,-30,-30,0,10
407,0,0,0,0,0,0,0,0,10,0,0,10,10,0,0,30,0,0,0,0,-20,0,0,0
408,0,0,0,0,0,0,0,0,0,20,0,0,-10,0,0,10,10,0,-10,0,0,30,20,10
409,0,0,0,0,0,0,0,0,-10,0,10,10,10,10,0,0,0,-10,0,20,30,0,-30,-30
410,0,0,0,0,0,0,0,0,0,30,20,-30,-20,0,20,10,0,20,0,0,-20,0,0,20
411,0,0,0,0,0,0,0,0,0,10,20,0,0,0,0,0,10,0,-20,10,20,0,-30,0
412,0,0,0,-20,0,20,20,0,-10,-20,0,20,30,20,0,-10,-20,-30,0,20,0,0,-30,0
413,0,0,0,0,0,0,0,0,0,0,10,-10,-20,0,30,0,30,20,20,-30,-30,-20,20,30
414,0,0,0,0,0,0,0,0,0,30,20,0,0,-20,-20,0,0,10,30,30,10,-30,-30,-10
415,0,0,0,0,0,0,0,0,0,0,20,10,0,10,-20,0,-10,0,10,10,0,-30,-30,0
416,0,0,0,0,0,0,0,0,0,30,0,-30,-10,30,10,0,0,0,0,20,0,-20,-10,-10
417,0,0,0,0,0,0,0,0,0,0,10,20,-10,-30,0,10,20,10,-10,-20,-30,0,20,10
418,0,0,0,0,0,0,0,-20,0,20,30,10,-10,-30,-10,0,20,20,-30,-10,0,0,0,10
419,0,0,0,0,0,0,0,0,0,30,20,0,0,10,0,0,20,30,0,-10,-20,0,0,20
420,0,0,0,0,0,0,0,0,0,10,10,0,-20,20,10,30,10,-30,-30,0,30,30,20,-20
421,0,0,0,0,0,0,0,0,0,0,0,20,10,0,-30,0,20,10,0,10,20,0,0,-30
422,0,0,0,0,0,0,0,0,0,10,30,0,0,0,0,0,0,-20,0,0,-20,0,20,20
423,0,0,0,0,0,0,0,0,0,0,20,0,0,0,0,0,-20,0,10,0,10,10,0,-30
424,0,0,0,0,0,0,0,0,30,0,0,0,0,20,0,-30,0,-10,-10,30,20,0,-10,0
425,0,0,0,0,0,0,0,0,0,0,0,0,20,10,0,0,0,0,-20,0,10,20,10,10
426,0,0,0,0,0,0,0,0,0,0,0,20,10,30,0,-20,0,0,10,0,0,20,0,10
427,0,0,0,0,0,0,0,0,30,0,-30,0,0,30,30,0,-10,-20,0,20,30,0,-30,-10
428,0,0,0,0,0,0,0,0,0,20,10,0,20,0,-20,-10,0,0,-10,0,-10,20,20,30
429,0,0,0,0,0,0,0,0,0,20,10,-10,0,20,20,0,0,-20,0,0,30,0,-20,-20
430,0,0,0,0,0,0,0,0,0,0,20,20,0,-20,0,0,0,-10,0,10,0,0,0,10
431,0,0,0,0,0,0,0,0,20,20,0,-20,0,10,0,0,30,0,0,-10,-20,0,0,20
432,0,0,0,0,0,0,0,0,0,-10,20,10,0,30,0,-30,-30,0,0,0,0,0,0,0
433,0,0,0,0,0,0,0,0,20,30,0,0,0,-20,10,30,0,-10,0,10,0,-10,-30,-20
434,0,0,0,0,0,0,0,0,0,-10,-10,0,20,30,30,10,-20,-10,-30,0,30,30,0,-30
435,0,0,0,0,0,0,0,0,0,10,10,10,20,30,0,-20,-20,0,0,0,0,-20,0,10
436,0,0,0,0,0,0,0,0,0,0,0,0,0,30,0,-30,0,0,0,-10,10,30,10,0
437,0,0,0,0,0,0,0,0,-10,0,10,10,20,10,20,0,-10,-10,-20,-30,10,20,20,10
438,0,0,0,0,0,0,0,0,0,0,0,0,10,20,30,10,-30,-10,0,30,20,0,-20,-20
439,0,0,0,0,0,0,0,0,0,0,20,10,0,0,0,0,-30,-20,20,30,-10,0,0,-10
440,0,0,0,0,0,0,0,0,0,0,0,0,0,30,30,-10,-30,-10,0,0,0,0,-10,-30
441,0,0,0,0,0,0,0,0,10,20,-10,-20,0,10,30,0,0,20,-10,0,-20,0,-10,0
442,0,0,0,0,0,0,0,0,0,10,20,0,10,0,0,-10,10,10,20,0,0,0,-30,10
443,0,0,0,0,0,0,0,30,0,-30,0,0,20,10,0,0,-20,0,30,0,10,0,-10,-20
444,0,0,0,0,0,0,0,0,10,20,20,-10,0,0,10,0,0,0,0,0,10,0,0,0
445,0,0,0,0,0,0,0,0,0,20,10,10,0,-10,-10,-30,0,20,20,20,0,-10,-10,-20
446,0,0,0,0,0,0,0,0,0,30,30,0,-10,-10,-10,10,0,0,0,0,0,0,10,20
447,0,0,0,0,0,0,0,0,0,0,10,20,20,0,-30,-30,0,20,10,-10,10,20,0,-10
448,0,0,0,0,0,0,0,0,0,-10,-10,-10,20,30,30,-20,0,-30,-30,-30,0,20,30,0
449,0,0,0,0,0,0,0,0,0,0,20,30,0,-10,0,-10,30,10,0,0,0,0,0,10
450,0,0,0,0,0,0,0,0,0,30,10,-20,0,0,0,0,10,0,0,0,0,0,10,10
451,0,0,0,0,0,0,0,0,0,20,10,20,-20,0,0,0,20,-10,-30,0,10,30,-10,-30
452,0,0,0,0,0,0,0,0,-10,0,10,20,20,30,0,-30,-20,-20,0,20,30,20,0,-30
453,0,0,0,0,0,0,0,0,20,20,0,0,-10,0,0,30,30,10,-30,0,-20,-30,0,10
454,0,0,0,0,0,0,0,0,0,0,10,10,30,0,0,-30,0,0,0,10,20,10,-10,-20
455,0,0,0,0,0,0,0,0,0,0,0,-10,0,10,10,0,20,0,10,0,0,-30,-30,10
456,0,0,0,0,0,0,0,0,10,0,0,-10,0,30,30,-30,-30,-20,10,20,10,20,0,-30
457,0,0,0,0,0,0,0,0,20,10,0,0,0,0,10,0,0,0,0,0,0,0,0,-20
458,0,0,0,0,0,0,0,0,0,0,0,0,0,20,20,20,-10,-20,-10,0,30,-10,-10,0
459,0,0,0,0,0,0,0,0,0,20,30,-10,-30,10,20,20,0,-10,20,30,-10,-20,-10,10
460,0,0,0,0,0,0,0,0,0,10,30,20,0,-10,-10,-20,20,0,0,0,0,0,0,10
461,0,0,0,0,0,0,0,0,0,10,10,20,0,0,-30,0,-10,0,10,0,30,30,0,-30
462,0,0,0,0,0,0,0,0,0,10,10,30,20,-30,-20,0,0,0,0,0,0,-30,0,30
463,0,0,0,0,0,0,0,0,-10,0,10,30,30,-20,-20,0,-20,0,20,0,-20,0,0,30
464,0,0,0,0,0,0,0,0,20,30,10,0,0,-20,-10,30,10,-30,0,10,10,30,0,0
465,0,0,0,0,0,0,0,0,-10,20,0,30,20,30,0,-30,-20,0,0,10,0,0,-30,0
466,0,0,0,0,0,0,0,0,0,-10,0,20,30,10,-30,-30,0,30,20,-10,-20,-20,0,10
467,0,0,0,20,0,-20,0,30,10,0,0,-20,0,0,0,-10,0,10,-10,-20,0,0,30,10
468,0,0,0,0,0,0,0,0,0,0,20,10,-10,10,0,0,20,10,0,0,0,-10,-30,20
469,0,0,0,0,0,0,0,0,30,30,0,-10,-10,-20,-30,0,30,30,0,-10,-10,0,-10,-10
470,0,0,0,0,0,0,0,0,0,0,0,0,20,0,0,0,-10,10,0,0,0,-20,10,30
471,0,0,0,0,0,0,0,0,0,0,0,0,0,0,0,-10,10,20,0,-30,0,0,10,10
472,0,0,0,0,0,0,0,0,0,0,0,-10,20,0,-20,-20,10,20,20,20,-10,-30,0,20
473,0,0,0,0,0,0,0,0,0,30,20,0,-20,0,20,10,20,0,0,0,10,0,0,-30
474,0,0,0,0,0,0,0,0,0,20,0,0,0,20,10,-30,-30,0,30,30,-10,-30,-30,0
475,0,-10,0,0,0,0,0,30,20,0,-30,-30,10,0,30,0,10,0,0,0,0,0,0,10
476,0,0,0,0,0,0,0,0,-10,0,10,10,20,0,20,0,-10,-20,0,-10,0,10,0,-10
477,0,0,0,0,0,0,0,0,30,0,0,0,0,0,-20,20,30,0,0,0,0,-10,0,20
478,0,0,0,0,0,0,0,0,0,-10,0,0,10,0,10,0,-10,-10,-10,0,20,0,-20,-30
479,0,0,0,0,0,0,0,0,0,20,0,0,-10,-20,0,30,30,0,0,0,20,0,-10,-30
480,0,0,0,0,0,0,0,0,0,0,0,30,30,10,-20,-30,-20,0,30,30,30,0,-30,-30
481,0,0,0,0,0,0,0,0,0,20,20,0,0,-20,0,0,10,10,0,0,0,0,0,-20
482,0,0,0,0,0,0,0,0,30,20,0,-10,0,0,30,20,-10,-10,-30,10,30,20,-30,-30
483,0,0,0,0,0,0,0,0,0,10,30,10,0,-10,-10,-20,-20,0,30,20,30,-30,-30,-20
484,0,0,0,0,0,0,0,0,20,10,0,20,0,0,0,0,0,10,0,10,0,-10,-10,10
485,0,0,0,0,0,0,0,0,10,0,0,0,10,0,20,-10,0,-30,-10,10,20,10,20,-20
486,0,0,0,0,0,0,0,0,0,30,10,0,0,0,-10,-20,0,10,20,20,0,-20,-20,-20
487,0,0,0,0,0,0,0,0,-10,20,30,0,-10,-20,0,0,20,0,0,0,0,0,-20,0
488,0,0,0,0,0,0,0,0,0,0,0,10,30,0,-10,-10,-30,0,10,10,0,0,0,-10
489,0,0,0,0,0,0,0,0,10,0,0,0,0,0,10,0,0,0,20,30,10,-20,-20,10
490,0,0,0,0,0,0,0,0,10,0,0,0,10,0,0,-10,0,0,-10,10,20,0,-30,0
491,0,-10,0,30,20,0,-30,-20,0,30,20,0,-20,-10,0,0,20,0,0,-10,0,0,0,0
492,0,0,0,20,0,0,0,-20,-30,0,0,0,0,0,0,0,0,0,0,0,0,0,0,0
493,0,0,0,0,0,0,0,0,0,0,20,10,10,-20,0,30,0,-30,10,30,20,0,-30,-20
494,0,0,0,0,0,0,0,0,0,30,30,0,-30,-10,0,30,0,0,0,0,-30,0,10,20
495,0,0,0,0,0,0,0,0,0,20,0,-20,0,0,20,0,-10,0,20,0,0,20,0,-30
496,0,0,0,0,0,0,0,30,0,0,0,-10,10,0,20,10,-10,0,0,0,20,0,0,0
497,0,0,0,0,0,0,0,0,0,20,20,20,20,0,-30,-20,0,30,30,0,-30,-30,-10,20
498,0,0,0,0,0,0,0,0,0,-10,0,0,0,30,20,0,0,0,0,10,-10,-10,-30,20
499,0,0,0,0,0,0,0,20,30,-20,0,-10,-10,-10,30,20,0,0,-30,-30,20,20,20,-20
500,0,0,0,0,0,0,0,0,30,10,0,-20,-10,20,20,0,0,10,0,-10,-10,0,20,-20
501,0,0,0,0,0,0,0,-20,0,20,30,0,0,-20,0,0,-10,0,0,30,10,-10,0,-20
502,0,0,0,0,0,0,0,0,0,20,30,20,0,-20,-10,-20,-20,10,30,30,0,-10,-30,-20
503,0,0,0,0,0,0,0,0,0,0,20,0,0,0,0,30,10,0,0,-30,-10,0,20,20
504,0,0,0,0,0,0,0,0,0,0,30,30,-10,-30,-20,20,0,0,0,0,10,30,0,-20
505,0,0,0,0,0,0,0,0,0,10,0,20,10,-20,0,20,0,-20,0,0,0,0,10,10
506,0,0,0,0,0,0,0,0,0,30,0,-20,10,20,20,0,0,0,0,0,0,0,-30,0
507,0,0,0,0,0,0,0,0,0,30,20,0,-10,-20,0,0,0,10,10,-10,0,10,10,-10
508,0,0,0,0,0,0,0,0,0,20,30,10,0,0,30,0,-30,-20,0,30,30,10,-30,-30
509,0,0,0,0,0,0,0,0,0,0,10,0,0,30,10,0,-20,-20,10,10,20,-10,0,20
510,0,0,0,0,0,0,0,0,0,20,30,0,0,-20,0,0,-10,10,0,0,0,-20,0,10
511,0,0,0,0,0,0,0,0,0,30,30,0,-10,-20,-30,0,30,20,0,0,0,-10,0,0
512,0,0,0,0,0,0,0,0,30,0,0,-30,-20,0,20,30,20,0,0,-20,-30,0,-10,20
513,0,0,0,0,0,20,0,-30,-10,30,30,0,0,0,-20,10,10,0,30,0,-10,-20,-30,-10
514,0,0,0,0,0,0,0,0,-10,0,20,20,10,0,10,10,-20,-30,-10,0,0,0,0,10
515,0,0,0,0,0,0,0,0,0,20,20,0,0,0,0,10,0,0,-30,0,20,30,-10,-20
516,0,0,0,0,-20,0,0,0,10,20,10,0,0,0,10,0,0,-20,0,0,0,0,20,10
517,0,0,0,0,0,0,0,0,0,10,0,0,20,20,20,0,0,-30,0,0,20,20,0,0
518,0,0,0,0,0,0,0,0,0,0,0,30,30,0,-20,-10,0,0,10,20,0,-30,-30,0
519,0,0,0,0,0,0,0,0,10,10,10,0,0,0,0,0,20,-10,0,0,0,-30,0,30
520,0,0,0,0,0,0,0,0,0,0,0,0,0,0,10,20,30,0,-20,0,20,0,20,20
521,0,0,0,0,0,0,0,-20,0,20,30,10,20,-20,0,20,0,-30,-20,20,30,0,-30,-20
522,0,0,0,0,0,0,0,0,0,0,-10,0,0,0,30,0,-10,-30,0,20,20,0,-20,20
523,0,0,0,0,0,0,0,0,20,20,-20,-20,0,30,0,0,10,20,0,-30,-30,0,10,30
524,0,0,0,0,0,0,0,0,0,0,0,20,0,10,0,0,0,-20,-10,0,30,10,0,-10
525,0,0,0,0,0,0,0,0,0,0,10,30,20,0,0,10,0,10,0,-20,0,0,-20,-10
526,0,0,0,0,0,0,0,0,30,20,0,-30,-30,30,30,30,-20,0,-20,-30,-10,10,20,30
527,0,0,0,0,0,0,0,0,0,0,0,-10,0,10,30,10,20,0,0,-30,-30,20,10,10
528,0,0,0,0,0,0,0,0,0,10,30,-10,-10,10,10,0,0,0,0,0,0,0,0,-30
529,0,0,0,0,0,0,0,20,0,0,0,0,10,20,0,0,-10,-20,0,0,0,-10,0,10
530,0,0,0,0,0,0,0,0,0,20,10,0,0,0,0,0,0,0,0,20,0,-10,-10,-30
531,0,0,0,0,0,0,0,0,0,30,30,0,-30,-20,0,20,0,0,0,0,-20,0,20,10
532,0,0,0,0,0,0,0,-20,0,20,20,0,0,10,-10,0,0,20,30,30,-10,-20,-10,-10
533,0,0,0,0,0,0,0,0,0,0,0,0,20,20,0,-30,-30,0,30,30,30,-20,0,-30
534,0,0,0,0,0,0,0,0,0,0,0,30,0,0,0,-20,-10,10,30,20,0,-20,-30,0
535,0,0,0,0,0,0,0,-10,0,20,30,0,0,0,0,0,-10,0,0,-20,-30,0,10,10
536,0,0,0,0,0,0,0,0,0,20,0,0,0,10,-10,-20,0,-10,30,20,-10,0,0,10
537,0,0,0,0,0,0,0,0,0,0,10,20,20,0,-30,20,30,0,0,-30,0,0,0,0
538,0,0,0,0,0,0,0,0,0,20,10,0,0,0,0,-10,10,10,30,20,-10,-30,-10,-10
539,0,0,0,0,0,0,0,0,0,0,10,30,20,-30,-10,0,10,10,0,10,0,0,0,20
540,0,0,10,10,-10,10,0,0,10,0,0,0,-10,0,0,-10,30,20,30,0,-30,-20,0,10
541,0,0,0,0,0,0,0,0,30,30,-10,-20,-30,-20,20,0,30,20,0,0,-20,20,30,10
542,0,0,0,0,0,0,0,0,0,30,20,0,0,-20,-20,-10,0,-10,0,20,0,-30,0,20
543,0,0,0,0,0,0,0,0,20,20,-10,0,20,0,0,0,-10,0,10,30,0,-20,0,20
544,0,0,0,0,0,0,0,0,0,0,20,20,0,0,0,0,0,0,0,-20,0,10,0,20
545,0,0,0,0,0,0,0,0,0,0,-10,20,0,0,10,0,-20,-10,-30,0,0,10,20,0
546,0,0,0,0,0,0,0,0,30,20,0,-20,-20,-20,10,30,30,0,-20,-20,0,0,0,20
547,0,0,0,0,0,0,0,0,0,30,10,0,-30,0,0,20,-10,0,0,0,0,-10,-10,-10
548,0,0,0,0,0,0,0,-10,10,20,30,10,0,-30,0,30,0,10,0,-10,-20,10,0,-10
549,0,0,0,0,0,0,0,0,30,0,-20,0,0,0,0,0,-10,0,10,30,0,-30,-30,20
550,0,0,0,0,0,0,0,0,0,0,-10,0,20,10,10,-10,-20,0,20,20,0,10,0,-10
551,0,0,0,0,0,0,0,0,0,0,0,0,20,0,0,0,10,0,-10,20,0,0,10,-30
552,20,0,-20,-10,0,0,30,20,-20,-30,0,20,30,10,0,0,0,10,-10,0,0,0,0,-20
553,0,0,0,0,0,0,0,0,10,20,10,20,0,0,0,-10,-10,0,20,0,-20,-30,-10,-10
554,0,0,0,0,0,0,0,0,0,20,30,20,0,-30,0,10,0,0,20,0,-10,0,0,0
555,0,0,0,0,0,0,0,0,0,0,0,0,-10,0,30,30,-10,-10,0,0,0,0,0,-10
556,0,0,0,0,0,0,0,0,0,20,0,0,10,0,-20,0,20,0,10,0,-20,-30,0,0
557,0,0,0,0,0,0,0,0,0,0,0,0,0,-10,0,10,10,-10,0,0,0,0,0,-10
558,0,0,0,0,0,0,0,0,20,0,10,0,0,10,-30,-10,0,10,0,0,0,0,0,0
559,0,0,0,0,0,0,0,0,-10,20,0,0,0,0,-20,0,0,0,10,30,0,-20,-30,-10
560,0,0,0,0,0,0,0,0,0,0,0,0,0,10,0,0,10,30,30,-30,-30,0,30,20
561,0,0,0,0,0,0,0,0,0,30,30,20,-20,-30,0,0,0,0,0,0,0,0,0,20
562,0,0,0,0,0,0,0,0,0,30,10,0,0,-20,0,30,0,10,-30,-10,0,10,30,-10
563,0,0,0,0,0,0,0,0,0,10,0,0,0,0,20,0,0,-30,-30,-20,30,30,10,0
564,0,0,0,0,0,0,0,0,30,0,-30,-20,20,30,10,-30,0,30,10,0,0,-30,-30,10
565,0,0,0,0,0,0,0,20,-10,0,0,0,20,0,0,-20,0,-10,0,30,0,0,-30,-30
566,0,0,0,0,0,0,0,0,-10,0,30,20,0,-10,-10,0,0,0,0,-10,10,0,0,-30
567,0,0,0,0,0,0,0,-20,0,20,30,10,0,-20,-30,0,20,30,20,0,-30,-10,20,20
568,0,0,0,0,0,20,0,0,-30,0,10,30,20,-20,0,30,30,-20,-30,-20,0,30,20,0
569,0,0,0,0,0,0,0,0,0,20,0,-30,0,20,30,0,0,0,0,0,10,-20,0,0
570,0,0,0,0,0,0,0,0,0,30,0,-30,0,0,0,0,0,20,0,-10,-30,0,0,20
571,0,0,0,0,0,0,0,0,0,0,0,20,0,-10,0,0,0,0,0,0,10,0,-30,-10
572,0,0,0,0,0,0,0,0,30,0,-10,-20,-30,0,20,10,30,0,-30,-30,-10,0,20,20
573,0,0,0,0,0,0,0,0,30,-10,0,0,0,0,10,30,0,-20,-10,-10,-10,10,-20,-10
574,0,0,0,0,0,0,0,0,-10,30,20,0,-10,0,20,20,0,-30,-10,20,30,0,-10,0
575,0,0,0,0,0,0,0,0,0,0,0,0,30,0,0,0,0,0,0,10,20,10,0,-20
576,0,0,0,0,0,0,0,0,0,0,30,0,-10,0,0,30,0,-20,0,10,0,0,20,-10
577,0,0,0,0,0,0,0,0,30,30,0,0,10,0,0,-30,0,0,10,20,0,-20,-10,0
578,0,0,0,0,0,0,0,0,0,10,10,10,0,0,-10,10,30,20,0,0,0,0,0,0
579,0,0,0,0,0,0,0,0,0,0,0,0,0,-10,20,0,10,0,0,0,-20,-10,0,30
580,0,0,0,0,0,0,0,0,0,20,20,10,0,10,0,-20,-20,0,0,30,0,0,-20,0
581,0,0,0,0,0,0,0,0,0,20,10,0,0,0,20,0,-20,-10,20,0,-20,0,0,20
582,0,0,0,0,0,0,0,0,20,30,0,-10,0,-10,0,30,10,0,-20,0,10,0,-10,-10
583,0,0,0,0,0,0,0,0,0,10,20,30,10,-20,-20,-10,30,20,20,-30,-30,0,0,10
584,0,0,0,0,0,0,0,0,0,0,0,10,30,20,0,-10,-10,0,0,0,-20,0,0,0
585,0,0,0,0,0,0,0,0,0,20,10,-10,0,20,20,0,0,10,0,-10,-30,0,0,0
586,0,0,0,-10,10,0,20,0,-30,-20,20,30,20,0,0,-10,0,0,-30,0,0,10,30,0
587,0,0,0,0,0,0,0,0,10,0,0,0,0,10,30,10,-10,-30,-20,0,20,0,-30,-20
588,0,0,0,0,0,0,0,0,0,10,0,0,-20,0,30,30,0,-10,0,0,-10,0,0,0
589,0,20,0,-10,0,-10,10,10,20,10,-30,0,0,20,30,0,-10,-20,-20,-20,10,20,30,-10
590,0,0,0,0,0,0,0,0,0,0,10,0,0,30,0,-30,0,30,20,0,-20,-10,0,-10
591,0,0,0,0,0,20,-10,-20,10,20,10,0,0,0,-30,0,10,10,0,-20,-20,30,30,30
592,0,0,0,0,0,0,0,0,0,0,20,20,-10,0,0,0,0,0,0,-20,-10,0,0,-10
593,0,0,0,0,0,0,20,0,-30,0,0,30,30,0,-20,-10,-10,0,10,0,0,0,-10,10
594,0,0,0,0,0,0,0,0,0,10,10,0,20,0,0,0,0,-10,30,30,-30,-20,0,0
595,0,0,0,0,0,0,0,0,0,20,10,-20,-20,-20,0,20,10,0,0,-30,-20,0,10,20
596,0,0,0,0,0,0,0,0,0,30,10,0,0,-20,0,0,0,-10,0,10,30,0,-20,-30
597,0,0,0,0,0,0,0,0,0,10,20,0,0,0,-10,-30,0,0,20,0,0,-10,-20,10
598,0,0,0,0,0,0,0,0,0,10,20,20,30,0,-20,-20,0,10,0,0,0,0,0,0
599,0,0,0,0,0,0,0,0,0,0,10,20,0,0,0,0,10,0,-20,0,0,0,0,10
600,0,0,0,0,0,0,0,-20,0,20,30,20,0,-20,-20,-20,0,20,30,-10,-20,0,10,0
601,0,0,0,0,0,0,0,0,0,30,20,0,0,0,0,0,0,0,0,-20,0,0,0,-10
602,0,0,0,0,0,0,0,0,0,10,10,0,-10,0,0,0,0,30,20,-10,-20,-30,0,20
603,0,0,0,0,0,0,0,0,0,30,20,20,0,-20,-10,0,30,0,-10,-10,-20,0,10,20
604,0,0,0,0,0,0,0,0,0,0,10,10,-10,0,10,10,0,0,0,0,0,0,10,10
605,0,0,0,0,0,0,0,0,0,10,10,20,0,0,0,0,0,0,30,20,0,-20,-20,-30
606,0,0,0,0,0,0,0,0,0,20,30,20,0,-10,-20,-30,0,30,20,10,0,-10,-30,-10
607,0,0,0,0,0,0,0,0,20,10,0,0,0,20,0,-30,0,0,20,0,-10,-10,0,-10
608,0,0,0,0,0,0,0,0,0,10,30,30,10,-10,-30,-30,0,30,30,0,-10,-10,0,20
609,0,0,0,0,0,0,0,0,0,0,0,0,30,0,10,-10,-20,0,0,0,30,30,-30,-30
610,0,0,0,0,0,0,0,0,0,0,30,20,0,0,-30,-20,20,30,-10,-20,-10,0,0,30
611,0,0,0,0,0,0,0,0,0,30,20,0,0,0,0,0,0,20,20,10,-10,-30,-20,-10
612,0,0,0,0,0,0,0,0,0,0,20,10,0,-10,10,10,10,0,0,0,-20,0,0,0
613,0,0,0,0,0,0,0,0,0,0,0,0,0,0,0,10,30,20,-10,0,-10,0,0,10
614,0,0,0,0,0,0,0,0,0,0,0,-10,0,10,0,30,30,-20,-20,-30,0,10,20,0
615,0,0,0,0,0,0,0,0,0,30,30,0,-20,-20,-10,20,20,0,0,0,0,0,0,20
616,0,0,0,0,0,0,0,0,20,20,20,0,-20,-30,0,30,0,10,30,0,-10,-30,-20,0
617,0,0,0,0,0,0,0,0,0,0,0,0,-10,20,30,0,-20,-20,20,30,30,-20,0,-20
618,0,0,0,0,0,-20,-10,30,30,20,-20,-10,0,0,0,10,30,0,-20,-30,0,30,0,-20
619,0,0,0,0,0,0,0,0,0,0,30,0,-10,0,0,0,30,30,0,-20,-20,0,0,0
620,0,0,0,0,0,0,0,0,-20,20,20,20,20,0,-20,-20,20,10,0,0,0,0,-20,0
621,0,0,0,0,0,0,0,0,0,0,0,0,30,0,0,-30,0,20,30,20,0,0,-10,-30
622,0,0,0,0,0,0,0,0,0,30,10,0,0,0,0,10,30,0,-20,-30,-20,0,20,30
623,0,0,0,0,0,0,0,0,0,0,0,20,0,0,20,0,0,-20,0,-10,0,0,20,30
624,0,0,0,0,0,0,0,0,30,20,0,-10,0,0,0,0,0,0,-30,-10,0,30,0,-10
625,0,0,0,0,0,0,0,0,0,10,10,20,10,-10,0,-10,-20,0,20,30,20,-20,-30,-20
626,0,0,0,0,0,0,0,-20,0,20,30,0,0,0,0,0,0,0,-10,-30,0,30,30,20
627,0,0,0,0,0,0,0,0,0,0,0,0,0,0,0,10,10,0,0,10,20,10,-10,-20
628,0,0,0,0,0,0,0,0,0,20,10,-10,-20,10,30,10,0,0,0,0,0,0,-10,10
629,0,0,0,0,0,0,0,0,10,0,0,0,0,0,0,30,0,-20,0,0,20,30,10,-30
630,0,0,0,0,0,0,0,0,0,20,10,20,0,-20,0,0,10,0,-30,0,10,20,0,-20
631,0,0,0,0,0,0,0,0,0,0,0,20,0,-30,0,0,0,0,-10,0,10,0,0,-20
632,0,0,0,0,0,0,0,0,10,0,-10,-20,30,30,10,0,-20,-30,0,10,0,0,0,0
633,0,0,0,0,0,0,0,0,10,10,0,20,20,10,0,-10,-20,-20,0,0,0,10,-20,0
634,0,0,0,0,0,0,0,0,0,0,0,0,10,0,20,10,10,0,0,-10,-30,0,20,-10
635,0,0,0,0,0,0,0,0,0,20,20,0,10,-20,-20,-10,0,10,10,0,10,0,-20,-20
636,0,0,0,0,0,0,0,0,-10,-10,10,20,10,-10,0,20,20,0,-30,-20,-30,30,30,20
637,0,0,0,0,0,10,0,-10,0,30,20,-10,0,0,0,0,0,0,-20,-10,0,30,10,20
638,0,0,0,0,0,0,0,0,0,10,20,30,-10,-30,0,10,20,0,0,-10,0,0,0,0
639,0,0,0,0,0,0,-10,0,0,20,30,0,-30,-10,0,10,-10,0,0,10,10,0,0,0
640,0,0,0,0,0,0,0,0,0,10,10,0,0,10,10,10,0,-20,0,0,0,0,0,30
641,0,0,0,0,0,0,0,0,0,10,0,0,0,10,30,20,-30,-20,0,20,10,0,0,-20
642,0,0,0,0,0,0,0,0,0,0,20,20,0,0,0,0,20,0,0,0,0,0,-20,0
643,0,0,0,0,0,0,0,0,0,0,10,30,0,-30,0,0,0,10,30,20,0,-20,-30,0
644,0,0,0,0,0,0,0,0,-20,0,30,30,0,0,0,0,0,-20,0,-10,0,20,0,-10
645,-10,0,30,0,0,0,-20,-10,0,0,0,0,10,20,20,0,-10,-20,-30,0,20,10,0,20
646,0,0,0,0,0,0,0,0,0,20,10,0,0,0,0,0,0,0,0,0,-10,0,0,20
647,0,0,0,0,0,0,0,0,30,0,0,-30,-30,20,0,30,30,0,-10,0,0,-10,0,10
648,0,0,0,0,0,0,0,0,-20,10,0,0,-10,-10,0,10,0,0,20,-10,-10,0,0,-10
649,0,0,0,0,0,0,0,0,0,20,30,0,0,0,-10,-10,0,0,0,0,0,0,-20,-10
650,0,0,0,0,0,0,0,0,0,0,0,10,10,0,0,0,-10,0,0,0,0,0,0,0
651,0,0,0,0,0,0,0,0,0,10,10,10,0,20,20,0,-10,-10,10,20,10,0,0,10
652,0,0,0,0,0,0,0,0,0,0,20,10,0,0,0,0,0,0,0,10,0,-20,0,30
653,0,0,0,0,0,0,0,0,0,10,0,0,0,-10,-10,10,20,0,0,10,0,0,0,10
654,0,0,0,0,0,0,0,0,0,0,20,20,0,-30,0,0,10,30,20,0,-20,-30,10,20
655,0,0,0,0,0,0,0,0,0,20,10,0,0,-30,0,20,30,0,-10,-30,0,30,0,-10
656,0,0,0,0,0,0,0,0,0,20,0,-20,0,10,20,0,0,0,0,0,0,0,0,10
657,0,0,0,0,0,0,0,0,10,0,0,0,0,0,20,10,30,-10,-20,-10,0,0,0,20
658,0,0,0,0,0,0,0,0,10,0,0,-10,0,0,20,10,30,0,-20,-20,-10,0,0,-10
659,0,0,0,0,0,10,0,-30,0,20,20,20,-10,0,10,0,0,0,-10,0,0,0,0,0
660,0,0,0,0,0,0,0,0,0,0,0,0,30,-10,-10,-10,0,0,0,-10,0,10,20,30
661,0,0,0,0,0,0,0,0,0,20,10,0,30,0,-10,-10,-20,0,30,10,-10,-30,0,20
662,0,0,0,0,0,0,0,20,10,10,0,-20,0,-10,10,0,0,0,0,0,0,10,0,10
663,0,0,0,0,0,0,0,0,0,0,10,20,20,0,0,0,0,0,-10,0,10,10,0,10
664,0,0,0,0,0,0,0,0,0,0,0,30,10,0,0,0,-30,-20,20,0,-10,0,0,0
665,0,0,0,0,0,0,0,0,0,0,0,0,0,10,10,0,0,0,-30,0,0,0,0,20
666,0,0,0,0,0,0,0,0,0,30,0,0,0,30,-10,-10,0,0,0,0,0,0,0,0
667,0,0,0,0,0,0,0,0,0,0,0,20,20,-20,-30,0,10,10,0,0,-20,0,0,30
668,0,0,0,0,0,0,0,0,0,10,30,10,20,0,0,-30,-10,0,0,-10,0,0,30,10
669,0,0,0,0,0,0,0,0,0,30,20,-20,0,0,0,0,0,10,20,0,0,0,0,-10
670,0,0,0,0,0,0,0,0,10,20,20,0,-30,-10,0,20,30,30,0,-30,-30,0,0,30
671,0,0,0,0,0,0,0,-20,-10,20,20,20,-20,0,30,0,-10,0,0,0,0,-10,0,-10
672,0,0,0,0,0,0,0,0,0,30,0,0,-10,0,0,0,0,0,0,0,0,0,0,30
673,0,0,0,0,0,0,0,0,-10,20,30,0,0,0,0,0,0,0,-10,0,0,0,0,-10
674,0,0,0,0,0,0,0,0,0,0,0,0,30,0,-20,0,0,0,0,0,0,0,0,-20
675,0,0,0,0,0,0,0,0,0,20,20,0,-20,0,20,30,10,-30,-10,-20,20,30,0,0
676,0,0,0,0,0,0,0,0,0,30,20,0,0,0,0,0,0,0,30,0,-10,-10,-10,10
677,0,0,0,0,0,0,0,0,0,30,0,-20,0,0,0,20,0,10,0,-20,-10,0,0,-10
678,0,0,0,0,0,0,0,0,0,0,30,10,0,-20,0,0,0,0,0,0,30,0,-20,-10
679,0,0,0,0,0,0,0,0,10,30,10,0,0,0,0,-30,0,10,20,0,0,0,-10,-30
680,0,0,0,0,0,0,0,0,0,0,0,0,20,10,0,0,0,-30,0,30,30,0,-30,-20
681,0,0,0,0,0,0,0,0,0,20,10,0,0,-10,0,0,0,0,0,10,10,10,0,-10
682,0,0,0,0,0,0,0,0,0,30,0,0,0,0,0,0,0,0,-10,0,0,0,0,20
683,0,0,0,10,0,-30,-10,10,20,30,0,-20,-10,0,0,10,0,0,-10,0,20,0,0,-30
684,0,0,0,0,0,0,0,0,0,0,30,20,0,0,0,0,-10,0,0,0,0,0,-30,-10
685,0,0,0,0,0,0,0,0,0,0,0,10,10,0,0,20,0,-30,-30,-30,0,20,20,0
686,0,0,0,0,0,0,0,0,30,20,0,0,0,-10,0,0,0,0,0,0,0,0,0,-10
687,0,0,0,0,0,0,0,0,-20,0,10,30,0,-30,0,20,0,0,0,-10,0,-10,0,0
688,0,0,0,0,0,0,0,0,0,30,0,0,10,0,0,0,0,0,0,0,-30,0,0,0
689,0,0,0,0,0,0,0,0,0,20,30,0,-30,-10,0,0,0,0,0,10,20,0,-20,-10
690,0,0,0,0,0,0,0,0,0,30,20,0,0,0,10,0,0,0,0,0,0,0,0,30
691,0,0,0,0,0,0,0,0,0,0,10,20,20,0,0,10,0,0,0,0,-20,-20,0,0
692,0,0,0,0,0,0,0,0,0,0,0,0,30,20,-20,-10,0,0,0,0,30,0,-30,-10
693,0,0,0,0,0,0,0,0,0,20,20,0,-20,-30,-10,20,0,20,30,0,-10,-20,0,10
694,0,0,0,0,0,0,0,0,0,0,30,0,0,20,0,0,-30,0,0,0,0,0,-20,-20
695,0,0,0,0,0,0,0,0,-10,0,20,30,20,0,-10,-30,10,10,0,0,0,0,-30,10
696,0,0,0,0,0,0,0,0,0,0,30,20,0,-30,-30,0,20,30,30,0,-30,-20,-20,30
697,0,0,0,0,0,0,0,0,0,0,30,10,0,-30,0,10,20,0,10,0,-20,-10,0,0
698,-10,0,10,20,0,0,0,0,-20,-20,10,20,10,20,0,-30,-30,0,30,30,0,0,0,0
699,10,10,-20,-30,10,20,20,0,0,0,0,0,0,0,0,-10,-10,0,20,10,-10,10,-10,-10
700,0,0,0,0,0,0,0,0,10,30,10,0,10,-20,-20,0,0,0,-10,30,20,0,-10,-20
701,0,0,0,0,0,0,0,0,0,10,0,0,0,0,0,-10,0,0,0,10,10,0,0,-20
702,0,0,0,0,0,0,0,0,0,10,30,20,0,0,0,-10,-10,0,0,0,0,0,0,20
703,0,0,0,0,0,0,0,0,0,0,0,10,10,30,0,10,-10,-10,0,0,0,0,0,-10
704,0,0,0,0,0,0,0,0,0,0,0,10,20,0,0,0,0,0,0,0,10,-20,-10,-10
705,0,0,0,0,0,0,0,0,0,0,0,0,0,0,20,10,30,-20,-20,0,0,-10,20,0
706,0,0,0,0,0,0,0,0,0,0,0,20,30,0,-20,0,0,0,0,0,0,0,0,20
707,0,0,0,0,0,0,0,10,0,-10,0,0,0,10,0,0,0,0,0,0,0,0,0,10
708,0,0,0,0,0,0,0,0,0,10,0,20,20,30,0,-20,-20,0,10,30,0,-30,-30,0
709,0,0,10,0,0,-20,10,30,10,-10,-30,0,10,20,0,0,0,-10,0,20,0,0,-20,-20
710,0,0,0,0,0,0,0,0,0,0,0,0,0,10,10,0,0,0,0,-20,0,0,0,10
711,0,0,0,0,0,0,-20,0,10,30,10,0,0,-30,0,30,30,10,0,0,0,0,0,-30
712,0,0,0,0,0,0,0,0,10,0,0,0,-10,0,10,10,0,30,10,0,-30,-20,0,20
713,0,0,0,0,0,0,0,-20,10,20,20,-10,-10,10,20,0,0,10,0,0,0,0,0,0
714,0,0,0,0,0,0,20,0,-20,20,0,20,0,0,0,0,-30,-10,0,10,0,0,10,-20
715,0,0,0,0,0,0,0,0,10,30,10,0,0,0,-20,0,0,30,30,0,-30,-20,-10,20
716,0,0,0,0,0,0,0,0,0,0,0,0,20,10,0,-20,-30,0,30,30,0,-10,-30,0
717,0,0,0,0,0,0,0,0,0,0,10,30,20,-20,-30,-10,0,10,30,0,0,0,0,-30
718,20,0,-30,-10,0,20,20,0,-30,0,0,0,10,30,0,-30,-30,-10,20,20,0,0,0,-20
719,0,0,0,0,0,0,0,0,0,0,0,0,0,-10,0,20,30,0,-10,-30,-30,10,30,30
720,0,0,0,0,0,0,0,20,0,-10,0,0,0,0,0,0,0,0,0,0,0,0,0,-20
721,0,0,0,0,0,0,0,0,0,0,0,0,0,20,20,-20,-20,0,30,30,0,-30,-30,-10
722,10,0,-20,-30,-10,20,30,30,0,-20,0,0,0,0,0,20,30,0,-20,-30,-10,0,0,10
723,0,0,0,0,0,0,0,0,10,0,0,0,0,0,-10,30,0,0,0,0,0,-10,0,20
724,0,0,0,0,0,0,-10,0,0,30,0,0,0,0,-30,0,0,10,30,0,-30,-20,0,20
725,0,0,0,0,0,0,0,0,20,30,0,-30,-30,0,30,30,30,0,-30,-30,-20,0,10,30
726,0,0,0,0,0,0,0,0,30,30,0,-30,-30,0,20,30,20,0,0,-10,0,0,0,-10
727,0,0,0,0,0,0,0,0,0,30,20,0,0,0,0,-10,-20,-10,10,20,0,0,0,-30
728,0,0,0,0,0,0,0,0,0,0,0,0,0,20,20,0,0,-20,-10,-10,0,10,10,20
729,0,0,0,0,0,0,0,0,0,0,0,0,0,0,20,20,0,0,20,0,0,0,0,0
730,0,0,0,0,0,0,0,0,0,0,10,0,0,10,30,0,-20,-10,-10,0,-30,-10,30,30
731,0,0,0,0,0,0,0,0,0,10,0,0,0,10,0,0,-30,-10,0,20,30,0,-30,-10
732,0,0,0,0,0,0,0,0,0,10,0,0,-10,0,30,30,0,-20,-30,0,10,30,0,-20
733,0,0,0,0,0,0,0,20,0,-10,-10,0,20,20,0,0,0,0,30,30,-10,-30,-20,0
734,0,0,0,0,0,0,0,0,0,0,20,20,20,0,0,10,0,0,-30,-30,-30,0,30,30
735,0,0,0,0,0,0,0,0,0,0,0,0,20,20,0,-30,-30,30,30,20,0,-30,-30,0
736,0,0,0,0,-10,0,0,0,0,30,10,-20,0,30,0,-20,0,0,-10,10,30,0,0,-20
737,0,0,0,0,0,0,0,0,10,0,0,0,0,30,0,0,0,0,0,0,0,0,0,10
738,0,0,0,0,0,0,0,0,0,10,20,0,0,0,30,30,10,-10,-30,-10,0,0,0,0
739,0,0,0,0,0,0,0,0,0,10,30,20,0,-20,-30,-30,10,0,30,20,0,-10,-10,0
740,0,0,0,0,0,0,0,0,0,0,0,0,10,10,0,20,0,0,0,10,0,0,0,10
741,0,0,0,0,0,0,0,0,0,0,0,10,0,0,30,10,10,0,-30,-30,0,10,0,10
742,0,0,0,0,0,0,0,0,0,0,0,10,30,0,-20,0,-20,0,20,20,20,10,-10,-10
743,0,0,0,0,0,0,0,0,0,0,30,20,0,-30,-10,0,0,0,0,0,0,0,0,20
744,0,0,0,0,0,0,0,0,0,10,10,20,0,0,0,0,0,0,0,0,-30,0,20,30
745,0,0,0,0,0,0,0,0,0,20,30,0,-30,0,10,30,10,-30,-30,0,30,20,0,-20
746,0,0,0,0,0,0,0,0,-20,30,30,0,0,0,0,0,20,0,-30,-30,-10,10,30,20
747,0,0,0,0,0,0,0,0,0,30,10,0,0,0,0,20,0,0,0,0,0,-10,10,20
748,0,0,0,0,0,0,0,0,0,0,0,0,10,10,30,0,0,-20,0,0,-10,-10,0,20
749,0,0,0,0,0,0,0,0,0,30,10,0,0,10,10,0,-20,0,0,0,0,0,0,-30
750,0,0,0,0,0,0,0,0,0,20,10,0,0,0,0,0,-20,0,0,0,0,0,0,0
751,0,0,0,0,0,0,0,0,0,30,20,0,-20,-10,0,0,0,20,0,0,0,-10,0,0
752,0,0,0,0,0,0,0,0,0,0,30,0,0,-10,0,0,0,20,10,10,0,0,-30,0
753,0,0,0,0,0,0,0,0,0,0,0,20,20,0,-10,0,0,0,0,-30,-10,0,10,20
754,0,0,0,0,0,0,0,0,0,20,0,0,10,0,0,0,-10,0,0,-20,0,0,0,-10
755,0,0,0,0,0,0,0,0,0,0,0,0,30,20,0,-10,-20,0,0,0,0,0,0,10
756,0,0,0,0,-20,0,30,10,-20,0,10,20,20,-10,0,0,-30,0,20,10,0,0,0,-20
757,0,0,0,0,0,0,0,0,0,0,0,20,20,0,-20,-10,0,0,30,0,-20,0,0,20
758,0,0,0,0,0,0,0,0,0,20,20,-10,0,-20,0,30,30,0,0,-20,-10,0,0,-20
759,0,0,0,0,0,0,0,0,-10,10,30,20,10,-30,-30,0,10,10,-10,-10,20,20,0,-10
760,0,0,0,0,0,0,0,0,0,30,10,0,0,0,0,-10,0,0,0,0,20,10,-10,-30
761,-10,0,10,30,0,-30,-20,0,10,30,10,0,0,0,0,-10,0,0,30,20,0,-30,-20,10
762,0,0,0,0,0,0,0,0,0,20,20,20,0,0,0,0,-20,0,0,0,-10,0,0,20
763,0,0,0,0,0,0,0,0,0,0,10,30,10,0,-10,0,20,0,-30,-30,0,20,30,30
764,0,0,0,0,0,0,0,0,0,10,20,20,0,0,-20,0,0,0,0,-20,20,0,0,10
765,0,0,0,0,0,0,0,0,10,10,10,0,-10,0,10,20,20,30,0,-20,-30,0,20,30
766,0,0,0,0,0,0,0,0,20,0,20,-20,-10,-20,0,30,30,0,-20,-30,-30,10,10,30
767,0,0,0,0,0,0,0,0,0,0,10,0,20,30,0,-20,-10,0,-30,0,0,0,10,30
768,0,0,0,0,0,0,0,0,0,0,20,20,30,0,-30,-10,0,0,0,0,0,0,0,-10
769,0,0,0,0,0,0,0,0,0,0,10,30,0,-30,-30,0,30,20,10,-20,-20,0,-10,-10
770,0,0,0,0,0,0,0,0,0,20,10,0,-10,0,10,0,0,30,0,0,-20,0,0,0
771,0,0,0,0,0,0,0,0,0,30,20,-20,-10,0,0,10,0,0,0,0,0,0,0,-10
772,0,0,0,0,0,0,0,0,0,0,0,0,20,30,0,-20,-20,0,0,0,0,0,0,0
773,0,0,0,0,0,0,0,0,0,20,20,30,0,-10,-10,-10,0,20,10,0,0,0,0,0
774,0,0,0,0,0,0,0,0,0,0,0,10,20,-10,0,-10,20,20,-30,-20,-10,20,20,20
775,0,0,0,0,0,0,0,0,0,0,20,20,0,0,10,-30,-30,30,0,20,0,0,0,10
776,0,0,0,0,0,0,0,0,0,20,-10,0,0,0,0,-10,-10,10,10,20,20,0,-20,0
777,0,0,0,0,0,0,0,0,0,0,10,0,0,20,-10,0,0,0,0,-20,-30,10,10,30
778,0,0,0,0,0,0,0,0,10,0,0,20,20,-10,0,0,0,0,0,0,0,0,0,-30
779,0,0,0,0,0,0,0,0,0,30,30,0,-20,0,30,20,10,-20,-20,10,20,0,0,20
780,0,0,0,0,0,0,0,0,20,0,0,0,0,0,0,10,-30,-20,0,10,30,0,0,-10
781,0,0,0,0,0,0,0,0,0,0,0,10,30,0,0,-10,0,0,0,0,0,20,0,-30
782,0,0,0,0,0,0,0,0,20,30,-10,-10,0,0,-10,0,0,0,0,0,0,0,0,0
783,0,0,0,0,0,0,0,0,10,20,20,0,0,0,10,0,20,0,-10,-20,-30,20,10,0
784,0,0,0,0,0,0,0,0,20,0,0,0,0,0,0,0,0,0,10,10,0,0,0,30
785,0,0,0,0,0,0,0,0,0,0,0,0,0,20,10,20,0,-20,0,0,0,0,0,20
786,0,0,0,0,0,0,0,0,0,10,30,0,0,0,0,0,0,0,-30,-20,0,30,20,-20
787,0,0,0,0,0,0,0,0,0,0,10,30,-10,-30,0,30,10,10,10,-30,-30,-20,0,20
788,0,0,0,0,0,0,0,0,0,0,0,0,10,0,10,0,0,0,-10,-30,0,20,0,0
789,0,0,0,0,0,0,0,0,0,0,0,0,0,30,20,0,10,0,-20,-20,-10,20,20,-10
790,0,0,0,0,0,0,0,0,10,10,10,0,30,10,0,-20,-20,0,0,-20,0,-10,0,20
791,0,0,0,0,0,0,0,20,0,0,0,0,0,30,-10,0,0,0,0,30,10,0,-30,-30
792,0,0,0,0,0,0,0,0,20,0,0,0,0,20,0,0,-20,0,20,0,0,-10,-30,-10
793,0,0,-10,0,10,10,-10,-30,0,30,0,20,0,0,-20,-20,0,10,10,30,0,0,-20,-20
794,0,0,0,0,0,0,0,0,0,0,0,10,10,0,0,0,0,-20,0,0,0,0,0,0
795,0,0,0,0,0,0,0,0,0,0,30,10,0,0,0,0,0,0,0,0,0,0,0,10
796,0,0,0,0,0,0,0,0,0,10,20,20,10,-20,-30,10,30,10,0,-10,0,0,-10,-20
797,0,0,0,0,0,0,0,0,0,10,10,0,0,0,0,0,0,0,0,0,0,0,10,-30
798,0,0,0,0,0,-10,0,10,0,10,20,10,0,20,0,-10,0,0,10,-20,0,0,0,0
799,0,0,0,0,0,0,0,0,0,10,30,20,20,-10,-20,-10,10,0,-20,0,20,0,0,30
800,0,0,0,0,0,0,0,0,0,30,10,0,-30,-10,0,0,0,0,0,0,0,30,0,0
801,0,0,0,0,0,0,0,0,20,0,0,0,0,20,20,-10,10,0,0,0,-20,-20,0,10
802,0,0,0,0,0,0,0,0,10,20,0,0,0,0,0,20,0,0,0,0,0,0,-20,-10
803,0,0,0,0,0,0,0,0,0,0,10,0,20,10,0,0,0,0,0,0,0,0,0,0
804,0,0,0,0,0,0,0,0,10,20,30,0,-20,-10,0,0,0,0,0,0,0,0,0,0
805,0,0,0,0,0,0,0,0,0,0,10,20,20,0,-20,-30,0,20,30,0,-30,0,0,0
806,0,0,0,0,0,0,0,0,0,20,20,0,0,20,0,-10,-10,-20,0,30,10,0,0,20
807,0,0,0,0,0,0,0,0,10,0,-20,0,30,10,0,0,0,0,0,0,-10,-30,0,30
808,0,0,0,0,0,0,0,0,0,10,20,0,0,0,20,10,-20,-10,0,30,30,0,-30,-20
809,0,0,0,0,0,-10,0,-10,0,20,30,0,0,0,0,0,0,0,0,0,0,0,0,-10
810,0,0,0,0,0,0,0,0,0,20,0,-20,-30,0,30,30,10,0,0,0,0,0,0,-20
811,0,0,0,0,0,0,0,0,0,20,20,0,0,0,0,-10,0,0,0,20,0,-20,0,-10
812,0,0,0,0,0,0,0,0,0,30,30,-20,-10,0,10,20,30,0,-30,-20,20,20,0,0
813,0,0,0,0,0,0,0,0,0,0,10,0,0,0,0,10,10,20,0,-10,-10,0,0,30
814,0,0,0,0,0,0,0,0,0,0,0,0,0,10,20,0,0,10,0,0,0,0,-30,0
815,0,0,0,0,0,0,0,0,-10,0,0,20,10,0,0,0,20,0,-10,-10,-20,0,0,10
816,0,0,0,0,0,0,0,0,0,0,0,10,0,10,0,0,0,0,0,0,0,0,-20,-10
817,0,0,0,0,0,0,0,0,0,20,30,20,-30,-20,0,20,30,0,-10,-30,0,30,0,-20
818,0,0,0,0,0,0,0,0,0,0,0,0,0,20,0,0,0,-10,-30,-20,20,10,0,10
819,0,0,0,0,0,0,0,0,0,20,20,0,0,0,0,0,0,0,30,0,-20,-20,0,30
820,0,0,0,0,0,0,0,20,0,0,0,0,0,0,-10,0,30,30,0,-30,-30,0,20,30
821,0,0,0,0,0,0,0,0,0,0,20,20,-10,0,30,0,0,0,-30,0,20,0,0,0
822,0,0,0,0,0,0,0,0,0,0,30,0,0,0,0,0,0,0,0,0,0,10,0,0
823,0,0,0,0,0,0,0,0,0,0,0,-10,0,30,20,0,-20,-10,10,0,0,10,0,0
824,0,0,0,0,0,0,0,0,0,0,10,0,10,0,0,0,0,0,0,0,0,0,0,-10
825,0,0,0,0,0,0,0,0,0,0,-10,20,20,20,0,-10,0,0,0,0,0,0,-20,0
826,0,0,0,0,0,0,0,0,30,30,-10,-30,0,0,10,20,10,0,0,-20,-20,-20,0,20
827,0,0,0,0,0,0,0,0,0,0,0,20,10,0,0,0,0,0,0,0,0,20,0,-20
828,0,0,0,0,0,0,0,0,0,0,0,0,20,0,0,0,0,-20,0,20,0,0,0,0
829,0,0,0,0,0,0,0,0,0,0,0,20,10,10,30,0,0,0,0,0,10,0,0,-20
830,0,0,0,0,0,0,0,0,0,0,0,0,0,0,0,0,0,0,10,30,0,-10,-10,0
831,0,0,0,0,0,0,0,0,0,30,30,0,-30,-30,0,0,20,0,-20,0,0,0,-10,20
832,0,0,0,0,0,0,0,0,0,30,10,0,0,-20,0,0,0,20,20,-10,0,-10,10,10
833,0,0,0,0,0,0,0,0,0,30,10,-20,0,20,0,-10,0,0,20,10,0,0,0,10
834,0,0,0,0,0,0,0,0,0,30,30,0,-20,-10,0,0,0,0,0,-20,0,0,0,0
835,0,0,0,0,0,0,0,0,0,20,20,0,0,0,0,0,0,0,0,0,0,0,0,10
836,0,0,0,0,0,0,-10,0,0,10,30,20,0,0,0,0,-20,0,10,30,10,0,0,-30
837,0,0,0,0,0,0,0,0,0,0,10,30,10,20,0,-30,-30,-20,30,30,0,-10,-10,-20
838,0,0,0,0,0,0,0,0,20,0,-10,-20,-10,20,20,0,0,20,0,-10,-20,-10,-20,0
839,0,0,0,0,0,0,0,0,30,10,0,-20,0,0,30,0,0,-20,0,10,20,0,0,0
840,0,0,0,0,0,0,0,0,0,0,0,10,20,0,0,0,-10,-20,0,20,10,10,10,10
841,0,0,0,0,0,0,0,0,-20,0,20,10,-10,0,0,0,10,30,-10,-30,-20,0,10,20
842,0,0,0,0,0,0,0,0,0,0,20,20,0,0,0,0,10,0,0,0,0,-10,0,20
843,0,0,0,0,0,0,0,0,0,30,10,0,0,0,0,0,0,0,20,-10,-20,0,-10,10
844,0,0,0,0,0,0,0,0,0,0,10,20,20,10,0,0,-10,0,0,-20,-10,30,10,-30
845,0,0,0,0,0,0,0,0,0,0,0,0,0,10,20,30,-30,-30,0,20,30,0,-20,-10
846,0,0,0,0,0,0,0,0,0,10,20,0,0,0,0,0,-30,-10,0,0,0,0,0,10
847,0,0,0,0,0,0,0,0,0,0,0,20,0,0,0,0,0,0,0,0,0,0,0,0
848,0,0,0,0,0,0,0,0,0,30,20,0,-30,-20,0,10,20,10,0,0,0,0,0,10
849,0,0,0,0,0,0,0,0,0,20,30,0,-20,-10,0,0,0,0,-20,0,0,0,0,10
850,0,0,0,0,0,0,0,0,0,0,0,0,10,20,20,0,0,0,10,0,0,0,0,-10
851,0,0,0,0,0,0,0,0,0,30,30,-20,-30,-20,0,10,30,-10,0,-20,0,0,0,-10
852,0,0,0,0,0,0,0,0,0,30,30,0,-30,-20,30,30,0,-30,-10,0,0,0,0,-10
853,0,0,0,0,0,0,0,0,0,0,0,0,0,10,10,20,30,0,0,10,20,0,-30,-10
854,0,0,0,0,0,0,0,0,0,0,-10,0,20,10,0,0,0,0,0,0,0,30,20,0
855,0,0,0,0,0,0,0,0,0,0,30,30,0,0,0,0,10,-10,-20,0,0,0,0,-10
856,0,0,0,0,0,0,0,0,0,10,20,0,0,0,0,0,0,0,0,0,0,0,0,-20
857,0,0,0,0,0,0,0,0,0,30,30,0,-10,-10,0,0,0,-10,0,0,0,0,-10,10
858,0,0,0,0,0,0,0,0,0,30,20,0,0,0,0,0,0,0,-10,0,0,0,10,30
859,0,0,0,0,0,0,0,20,-20,-10,0,20,30,0,0,20,0,0,0,0,0,-20,0,10
860,0,0,0,0,0,0,0,0,0,0,0,0,0,0,0,10,30,20,0,0,0,0,0,0
861,0,0,0,0,0,0,0,0,0,0,30,20,10,0,0,0,0,0,0,0,0,0,0,-10
862,0,0,0,0,0,0,0,0,0,20,20,0,0,0,0,0,0,0,0,0,0,-10,-10,20
863,0,0,0,0,0,0,0,0,0,0,30,20,0,0,-30,0,0,0,0,0,0,0,0,20
864,0,0,0,0,0,0,0,0,0,0,30,10,0,0,0,-20,0,0,0,0,0,0,0,0
865,0,0,0,0,0,0,0,0,0,30,20,0,-20,-30,0,30,30,0,0,-20,-30,0,10,0
866,0,0,0,0,0,0,0,0,0,10,0,0,0,0,0,0,0,0,10,-20,0,0,0,-10
867,0,0,0,0,0,0,0,0,0,0,0,30,30,10,-30,-30,0,20,20,0,-10,0,0,-10
868,0,0,0,0,0,0,0,0,0,0,0,0,30,10,0,0,0,0,0,0,0,0,0,10
869,0,0,0,0,0,0,0,0,0,30,20,0,0,-30,-20,0,10,20,0,0,0,20,0,0
870,0,0,0,0,0,0,0,0,0,0,30,0,0,0,0,-10,0,0,0,0,0,0,0,20
871,0,0,0,0,0,0,-20,0,20,30,20,0,-30,0,0,30,0,-10,-20,0,0,0,0,10
872,0,0,0,0,0,0,0,0,-10,10,30,30,-10,-20,-30,-10,20,30,10,0,0,0,0,0
873,0,0,0,0,0,0,0,0,0,0,0,0,20,20,10,10,-10,-20,-10,-10,20,20,0,10
874,0,0,0,0,0,0,0,0,0,20,30,0,0,0,0,20,0,10,0,0,0,0,-20,-10
875,0,0,0,0,0,0,0,20,-20,-10,0,30,10,10,-10,0,0,10,10,-10,0,0,0,20
876,0,0,0,0,0,0,0,0,0,0,20,10,0,0,0,0,0,-10,0,0,0,0,0,0
877,0,0,0,0,0,0,0,0,0,-10,0,10,20,0,0,0,-20,-10,0,0,0,0,20,20
878,0,0,0,0,0,0,0,0,0,10,10,0,0,0,0,10,0,0,0,10,0,0,0,-20
879,0,0,0,0,0,0,0,0,0,0,20,30,-10,-20,0,20,0,0,0,0,0,0,0,10
880,0,0,0,0,0,0,0,0,0,0,30,30,-10,-30,-20,0,30,0,0,0,-20,0,0,-10
881,0,0,0,0,0,0,0,0,0,0,0,0,0,10,0,0,20,0,20,0,-30,-20,0,30
882,0,0,0,0,0,0,0,20,0,-10,10,0,0,0,0,0,-30,0,10,20,0,0,0,0
883,0,0,0,0,0,0,0,0,0,0,10,10,0,0,0,0,0,0,-10,0,0,0,0,20
884,0,0,0,0,0,0,0,0,0,0,0,0,30,0,0,20,-10,-10,0,0,0,0,0,0
885,0,0,0,0,0,0,0,0,0,30,20,0,0,0,0,0,0,0,0,0,0,0,0,-10
886,0,0,0,0,0,0,0,0,0,0,0,0,0,0,0,10,0,0,0,0,0,0,0,10
887,0,0,0,0,0,0,0,0,0,0,0,0,30,20,0,0,0,0,0,0,-10,-30,0,0
888,0,0,0,0,0,0,0,0,0,0,0,0,30,20,0,-10,-10,-10,20,0,-10,0,0,20
889,0,0,0,0,0,0,0,0,-20,0,20,20,10,0,-10,-30,0,20,30,0,-20,-20,0,0
890,0,0,0,0,0,0,0,10,20,20,0,-30,-20,20,10,0,0,0,0,0,0,-20,0,0
891,0,0,0,0,0,0,0,0,0,10,0,0,0,0,-10,0,0,30,0,0,0,0,0,-10
892,0,0,0,0,0,0,0,0,0,0,0,0,10,10,0,0,0,0,0,0,20,0,0,10
893,0,0,0,0,0,0,0,0,0,0,0,0,20,10,0,0,0,0,0,-20,0,0,0,20
894,0,0,0,0,0,0,0,0,0,0,0,0,-10,0,30,30,-10,-20,0,-10,0,0,0,-10
895,0,0,0,0,0,0,0,0,0,0,0,30,10,0,0,0,-30,-20,0,10,10,0,0,10
896,0,0,0,0,0,0,0,0,0,10,20,10,0,0,0,0,0,-20,0,0,30,30,0,-30
897,0,0,0,0,0,0,0,0,-10,0,0,20,10,0,0,0,10,0,-30,-10,0,-20,0,20
898,0,0,0,0,0,0,0,0,-20,0,0,0,10,10,30,20,0,-20,-20,0,0,0,0,30
899,0,0,0,0,0,0,0,0,0,10,30,0,0,0,0,0,-10,0,0,0,0,10,0,0
900,0,0,0,0,0,0,0,0,0,0,30,10,0,-20,-20,0,0,0,0,0,10,10,0,-10
901,0,0,0,0,0,0,0,0,0,0,10,10,-10,0,30,20,0,-10,-20,-20,0,30,0,0
902,0,0,0,-10,0,30,10,0,-20,0,0,0,0,20,10,30,0,0,-20,-30,0,30,0,-10
903,0,0,0,0,0,0,10,-10,-30,20,30,10,0,0,0,0,0,-10,0,0,0,0,0,0
904,0,0,0,0,0,0,0,0,0,20,0,0,0,20,20,0,-30,-30,30,30,20,0,-20,-10
905,0,0,0,0,0,0,0,0,0,0,0,0,0,0,0,10,10,10,0,0,0,10,0,-10
906,0,0,-20,0,20,20,0,-20,10,30,30,0,-30,-10,0,10,30,20,0,-10,-20,-20,0,20
907,0,0,0,0,0,0,0,0,0,0,0,0,0,0,0,0,0,0,20,0,0,0,0,-20
908,0,0,0,0,0,0,0,0,0,0,20,20,0,-30,-10,0,10,10,0,0,0,0,-10,-10
909,0,0,0,0,0,0,0,0,0,10,10,30,10,0,0,0,0,0,0,0,-20,0,0,-20
910,0,0,0,0,0,0,0,0,0,0,0,0,20,0,0,0,-10,0,20,20,0,0,0,0
911,0,0,0,0,0,0,0,0,30,30,-10,-10,0,0,0,0,-10,0,30,0,0,0,0,-30
912,0,0,0,0,0,0,0,0,0,20,20,0,0,0,0,0,0,0,0,0,-30,-30,0,20
913,0,0,0,0,0,0,0,0,0,10,30,10,-20,-10,0,10,10,0,0,0,0,0,0,-10
914,0,0,0,0,0,0,0,0,20,30,10,0,0,0,0,0,0,0,10,-20,-20,0,0,20
915,0,0,10,0,-30,-10,30,30,0,10,-10,0,0,0,0,20,0,0,0,0,0,10,0,-10
916,0,0,0,0,0,0,0,0,0,0,0,0,0,30,0,0,0,0,0,0,0,0,0,-10
917,0,0,0,0,0,0,20,0,0,-20,0,0,30,0,-30,0,0,0,10,20,20,0,-10,-20
918,0,0,0,0,0,0,0,0,0,20,10,0,0,-30,-30,0,20,30,-10,-20,0,0,30,10
919,0,0,0,0,0,0,0,0,0,0,30,20,0,-10,-10,-20,0,20,10,0,0,0,0,-20
920,0,0,0,0,0,0,0,0,0,0,10,30,0,0,0,0,0,0,30,10,-10,-20,-10,-20
921,0,0,0,0,0,0,0,0,0,20,30,20,0,0,0,0,0,0,0,20,0,0,-30,-20
922,0,0,0,0,0,0,0,0,0,30,10,0,0,0,20,0,0,-10,-20,0,10,0,-30,-30
923,0,0,0,0,0,0,0,0,0,20,10,0,-10,0,0,0,0,0,0,0,0,0,0,10
924,0,0,0,0,0,0,0,0,0,0,20,20,0,0,0,0,0,0,0,0,0,0,0,-20
925,0,0,0,0,0,0,0,0,30,20,0,0,0,-20,0,0,0,0,10,0,0,-20,-30,-10
926,0,0,0,0,0,0,0,0,0,10,10,10,0,0,0,-20,0,0,0,0,0,0,0,10
927,0,0,0,0,0,0,0,0,0,20,0,0,0,10,20,0,0,-20,-10,0,0,0,-20,0
928,0,0,0,0,0,0,0,0,0,10,20,10,0,0,0,0,10,0,0,0,-30,-10,20,30
929,0,0,0,0,0,0,0,0,0,0,0,0,20,20,0,0,0,0,-10,0,0,0,0,20
930,0,0,0,0,0,0,0,0,0,0,10,30,10,0,0,0,0,0,-20,-30,0,30,20,-10
931,0,0,-10,0,0,0,10,20,0,0,0,0,-10,0,10,20,0,0,10,0,0,0,-30,-20
932,0,0,0,0,0,0,0,0,0,0,0,30,10,0,-10,-10,-30,0,20,20,0,0,0,-10
933,0,0,0,0,0,0,0,0,0,20,10,0,10,0,0,0,0,0,0,0,0,0,0,-10
934,0,0,0,0,0,0,0,0,-10,-10,10,30,20,0,-20,0,0,0,30,0,0,0,0,-20
935,0,0,0,0,0,0,0,0,0,0,0,0,0,0,0,0,0,10,20,0,-20,0,0,0
936,0,0,0,0,0,0,0,0,0,0,0,0,10,30,0,0,-10,0,0,0,0,0,0,30
937,0,0,0,0,0,0,0,0,0,30,10,0,0,0,0,0,20,20,-20,0,-20,-30,-20,10
938,0,0,0,0,0,0,0,0,0,0,0,30,10,0,-20,-20,-10,20,20,0,0,0,0,-30
939,0,0,0,0,0,0,0,0,30,10,-20,0,0,-10,0,20,10,0,0,0,0,10,0,10
940,0,0,0,0,0,0,0,0,0,0,0,30,30,0,0,0,-20,0,20,0,-10,-10,0,20
941,0,0,0,0,0,0,0,0,0,20,30,30,0,-20,-30,0,20,30,0,0,0,0,0,-30
942,0,0,10,0,0,-10,-10,0,0,20,10,0,0,0,0,0,0,0,20,0,-30,-20,0,30
943,0,0,0,0,0,0,0,0,0,10,0,0,0,0,0,0,0,0,30,20,0,-10,-10,-10
944,0,0,0,0,0,0,0,0,0,30,30,0,-30,-30,-20,0,20,30,10,-30,-10,0,30,30
945,0,0,0,0,0,0,0,0,0,10,20,20,20,0,-20,-20,0,0,0,0,20,0,0,-10
946,0,0,0,0,0,0,0,0,0,20,10,0,-20,0,20,20,0,-20,0,0,20,10,0,10
947,0,0,0,0,0,0,0,0,0,0,20,10,0,0,0,-10,-30,0,30,30,30,0,-20,-20
948,0,0,0,0,0,0,0,0,0,20,20,0,0,0,0,0,0,10,0,-20,-20,0,0,30
949,0,0,0,0,0,0,0,0,0,10,20,20,0,0,0,0,0,10,0,-20,-20,0,0,0
950,0,0,0,0,0,0,0,0,0,0,10,30,0,0,-30,-10,0,-20,0,10,20,0,-10,0
951,0,0,0,0,0,0,0,0,0,0,0,10,20,0,0,-30,-10,0,10,0,0,0,0,-10
952,0,0,0,0,0,0,0,0,0,30,0,0,0,-10,0,-20,0,20,30,0,0,0,0,-20
953,0,0,0,0,0,0,0,0,0,0,0,0,20,0,0,0,0,0,0,20,0,0,-30,-30
954,0,0,0,0,0,0,0,0,0,10,30,0,0,0,0,0,0,0,0,0,10,0,0,-20
955,0,0,0,0,0,0,0,0,0,0,0,0,10,10,0,0,0,0,20,0,-10,-30,0,30
956,0,0,0,0,0,0,0,0,0,0,0,10,0,0,0,10,30,0,0,0,-20,-20,0,30
957,0,0,0,0,0,0,0,0,0,0,10,30,20,0,-20,-20,-30,0,20,30,0,-30,-30,20
958,0,0,0,0,0,0,0,0,0,30,10,0,0,0,0,0,0,10,30,30,0,-20,-20,0
959,0,0,0,0,0,0,0,0,0,0,0,0,0,10,0,0,20,0,0,-20,-20,0,20,30
960,0,0,0,0,0,0,0,0,30,10,0,0,0,0,-10,0,0,0,0,20,0,0,0,-10
961,0,0,0,0,0,0,0,0,0,0,30,30,0,-20,-10,0,20,10,20,0,-20,-30,0,30
962,0,20,0,-30,-10,30,20,0,-30,-30,0,30,30,0,-30,-10,0,10,20,30,0,-30,-30,-10
963,0,0,0,0,0,0,0,0,0,30,10,0,0,0,0,0,0,10,0,0,0,0,0,-30
964,0,0,0,0,0,0,0,0,30,30,10,-30,-30,-10,0,10,30,20,0,-30,-20,30,10,-10
965,0,0,0,0,0,0,0,0,0,10,10,0,-10,0,0,0,0,-10,0,0,0,0,0,0
966,0,0,0,0,0,0,0,0,0,10,20,10,0,0,0,0,0,0,10,0,0,0,0,-10
967,0,0,0,-10,0,0,30,30,0,-30,-30,30,0,30,20,0,-10,0,0,0,0,-20,10,20
968,0,0,0,0,0,20,0,0,-20,-20,0,20,30,0,0,0,0,0,0,0,0,20,0,-10
969,0,0,0,0,0,0,0,0,10,10,20,10,0,-30,-30,10,30,30,0,-10,-20,-30,0,20
970,0,0,0,0,0,0,0,0,0,0,0,10,0,0,0,0,0,-30,0,10,0,0,0,10
971,0,0,0,0,0,0,0,0,0,10,0,-10,0,10,30,10,0,0,20,0,-20,-20,0,20
972,0,0,0,0,0,0,0,0,0,0,0,0,0,0,0,0,0,0,0,0,-10,0,0,-20
973,0,0,0,0,0,0,0,0,0,30,30,0,0,-20,-10,0,20,20,0,-20,-20,0,10,20
974,0,0,0,0,0,0,0,0,0,30,30,0,-30,-10,0,20,0,0,0,0,0,0,0,-30
975,0,0,0,0,20,0,-30,-10,0,30,10,0,0,0,0,0,20,0,-20,-20,0,0,0,0
976,0,0,0,0,0,0,0,0,0,0,30,20,-10,-30,0,10,30,20,0,-30,-20,0,0,10
977,0,0,20,0,-10,0,10,0,0,0,0,0,10,30,0,-10,-20,-30,0,20,20,0,0,0
978,0,0,0,0,0,0,0,0,0,0,0,0,0,0,-10,0,30,10,0,-10,-20,-10,0,10
979,0,0,0,0,0,0,0,0,30,30,-10,-20,0,10,10,20,0,-10,-20,0,10,0,-10,-20
980,0,0,0,0,0,0,0,0,0,30,30,0,0,0,0,0,0,0,0,0,-30,0,0,10
981,0,0,0,0,0,0,0,0,0,0,0,0,0,0,0,20,20,0,-10,-30,0,20,30,0
982,0,0,0,0,0,0,0,0,0,10,30,10,0,0,10,0,-10,-20,0,0,0,0,0,-20
983,0,0,0,0,0,0,0,0,0,10,10,30,0,-10,-30,0,20,10,-10,10,0,0,-20,0
984,0,0,0,0,0,0,0,0,0,0,0,0,-10,0,10,30,30,0,-10,-10,-10,0,0,0
985,0,0,0,0,0,0,0,0,0,0,0,0,30,0,0,-20,10,10,0,0,0,0,0,0
986,0,0,0,0,0,0,0,0,0,0,0,0,0,0,0,30,10,0,-20,0,0,0,0,0
987,0,0,0,0,0,0,0,0,0,10,20,30,-10,0,0,0,0,0,0,0,0,0,0,10
988,0,0,0,0,0,0,0,0,30,0,10,-20,0,0,0,0,0,0,0,0,0,0,0,20
989,0,0,0,0,0,0,0,0,0,10,20,0,0,0,0,-10,0,0,0,0,0,0,0,0
990,0,0,0,0,0,0,0,0,0,0,0,0,0,0,0,0,0,0,0,-20,0,20,30,10
991,0,0,0,0,0,0,0,0,0,10,20,10,0,30,0,0,-30,0,10,30,0,-10,0,10
992,0,0,0,0,0,0,0,0,-10,10,30,20,-10,0,0,0,0,20,0,0,0,-10,0,-10
993,0,0,0,0,0,0,0,0,0,10,10,0,0,10,0,0,0,0,0,0,0,0,0,-10
994,0,0,0,0,0,0,0,0,0,20,0,0,-10,0,0,0,0,20,0,-30,-20,0,20,30
995,0,0,0,0,0,0,0,0,0,10,0,0,0,0,0,30,0,0,10,0,-10,-10,0,-10
996,0,0,0,0,0,0,0,0,0,10,30,0,0,0,0,0,0,0,10,30,0,-20,-20,-10
997,0,0,0,0,0,0,0,0,0,10,20,30,0,0,0,0,0,-10,10,20,0,0,0,-20
998,0,0,0,0,0,0,0,0,30,10,-10,0,0,0,0,0,0,20,0,0,0,0,-30,10
999,0,0,0,0,0,0,0,0,0,10,20,0,0,0,0,0,0,0,0,0,0,0,0,-10
